band,station_idx,t,month_t,u_hat_t,v_hat_t,h_hat_t,u_ref_t,v_ref_t,month_s,u_hat_s,v_hat_s,h_hat_s,u_ref_s,v_ref_s
C09,249,1759752000000000000,2025-10,-0.6956546306610107,-8.223485946655273,12828.150390625,-4.3079101788431124,-8.047565175606898,2025-10,0.666090726852417,-7.72905158996582,11821.9677734375,-4.4956596493450895,-6.598873194127332
C09,482,1760140800000000000,2025-10,4.837313175201416,3.6732656955718994,12260.505859375,5.9979941853095555,-0.9257306737765495,2025-10,5.743007183074951,3.928766965866089,11271.4384765625,8.321856832318007,1.6687573590141256
C09,249,1760400000000000000,2025-10,-6.791102886199951,-1.1975982189178467,12206.705078125,-5.48944558288602,-0.9440419027500369,2025-10,-7.142167091369629,-0.8264325261116028,11006.404296875,-7.445873986479117,-0.2786021915527347
C09,249,1761739200000000000,2025-10,-0.26713916659355164,2.504815101623535,11368.1572265625,1.6165426372454463,1.550185761951552,2025-10,0.04108119010925293,3.018421173095703,10487.83203125,4.262675849048906,2.500014943078037
C09,533,1762128000000000000,2025-11,15.436251640319824,5.283045291900635,11834.75390625,15.205844129083324,6.894751267443486,2025-11,15.415582656860352,5.327617168426514,10854.0732421875,15.620934356837017,8.732185420154462
C09,249,1762257600000000000,2025-11,-5.1766676902771,2.14284348487854,11341.578125,-5.728113366975835,4.372172701065119,2025-11,-6.190617561340332,2.440894365310669,10900.6328125,-5.833360081219541,3.2116514077908476
C09,579,1762776000000000000,2025-11,-7.205011367797852,11.632149696350098,12391.3798828125,-5.60176054077073,9.380811248637498,2025-11,-7.940942764282227,11.872776985168457,12198.4306640625,-5.529394066724426,8.772837563918204
C09,527,1763035200000000000,2025-11,19.037248611450195,8.660785675048828,12797.2939453125,20.29460241218736,8.125480029494973,2025-11,18.385009765625,8.634248733520508,11856.4296875,18.073065511466694,11.4062776179338
C09,529,1763035200000000000,2025-11,14.771323204040527,11.135334968566895,12305.1240234375,17.88138512289912,10.725206517687282,2025-11,14.108192443847656,10.463390350341797,11801.4833984375,16.607451418458428,11.294959335191948
C09,527,1763078400000000000,2025-11,12.380927085876465,6.407931804656982,12261.8232421875,13.251572103976473,5.7024506514891975,2025-11,12.211599349975586,6.052773475646973,11307.4580078125,14.214395937044804,10.512248432077467
C09,249,1763294400000000000,2025-11,-1.3408377170562744,7.868847846984863,12110.9453125,2.056896161905111,6.965928804700928,2025-11,-1.6832844018936157,7.7743754386901855,11749.85546875,1.080952083755181,6.6657052439474995
C09,533,1763424000000000000,2025-11,12.686605453491211,7.969789981842041,12497.130859375,12.344537423198437,10.029402927887952,2025-11,11.904726028442383,7.80794095993042,11413.234375,13.28940638880411,11.151135676374581
C09,249,1763769600000000000,2025-11,5.7019548416137695,12.74263858795166,11030.265625,10.979769142105146,13.66750575665571,2025-11,4.711212158203125,12.478094100952148,10990.173828125,10.93579135055456,13.816805052313908
C09,249,1763985600000000000,2025-11,0.2969566285610199,8.840920448303223,11632.9638671875,1.2708493512862185,10.561842534490385,2025-11,-0.16331040859222412,9.173345565795898,11379.9501953125,1.421621987226174,10.193893614871326
C09,249,1764072000000000000,2025-11,1.321320652961731,8.561113357543945,10658.71875,3.2664896943691915,7.869825705766964,2025-11,0.8506498336791992,8.621166229248047,11062.814453125,4.174460685874493,8.490566700265434
C09,867,1764201600000000000,2025-11,22.04705810546875,5.267313480377197,9388.1279296875,23.971432368738984,7.332221184771781,2025-11,21.835407257080078,4.718029499053955,10693.984375,24.64088300379311,8.724338392537783
C10,527,1759363200000000000,2025-10,3.8572802543640137,-1.6418648958206177,10008.8193359375,2.9305214150626853,-1.271061759436634,2025-10,3.841820240020752,-1.3273804187774658,10101.31640625,3.114900168919121,-1.0316808783318265
C10,527,1759406400000000000,2025-10,5.842999458312988,-4.920269012451172,10791.255859375,7.426890864871501,-2.159282804116805,2025-10,6.669361591339111,-4.722658157348633,9375.583984375,4.1297502517700195,-5.897894859313965
C10,533,1759449600000000000,2025-10,3.852511405944824,-1.8222782611846924,11332.0302734375,1.5940679754858138,-2.014184896922686,2025-10,5.067607402801514,-2.0370495319366455,10182.609375,2.0642412399257144,0.13993569923432791
C10,249,1759492800000000000,2025-10,-2.0530922412872314,-6.615904808044434,12571.0087890625,-7.287513657276712,-7.366741268440899,2025-10,-0.4681997299194336,-5.840739727020264,11560.404296875,-4.119774573627165,-7.7126690564904425
C10,533,1759492800000000000,2025-10,8.73565673828125,-6.878035545349121,12063.52734375,5.073702620384536,-4.257341954362503,2025-10,9.275671005249023,-6.590271472930908,10629.330078125,3.3995311840360354,-4.001793776600673
C10,249,1759536000000000000,2025-10,0.08375101536512375,-2.481698989868164,10774.53125,1.977955346629551,0.23904369448631824,2025-10,1.4412460327148438,-2.5027120113372803,10375.3173828125,1.1269686505724041,-0.6616792896583243
C10,796,1759536000000000000,2025-10,7.620521068572998,4.817176818847656,8889.9521484375,7.0018982044556894,6.6162936851666,2025-10,8.17518138885498,5.137361526489258,9832.2734375,9.694767203852475,5.660162872859578
C10,482,1759622400000000000,2025-10,8.816489219665527,-4.9312591552734375,13038.4189453125,4.275155922260549,-5.763384021067077,2025-10,8.683389663696289,-5.06298303604126,11554.283203125,1.8889797668708992,-7.0497683304104
C10,527,1759622400000000000,2025-10,9.77294921875,5.607428550720215,11633.0791015625,13.233247876539826,6.817095255944878,2025-10,8.796184539794922,5.5089802742004395,10763.025390625,12.651527007788008,6.4021446611145585
C10,529,1759622400000000000,2025-10,7.4070844650268555,10.147878646850586,11541.6015625,6.796959551026088,11.288409398163896,2025-10,6.119884014129639,9.52739143371582,11003.7998046875,5.531318644244803,11.667542241379065
C10,532,1759622400000000000,2025-10,15.543476104736328,-0.9358773827552795,10406.5107421875,15.466894822934364,-1.847185552673594,2025-10,14.79952621459961,-1.140904188156128,10354.23046875,15.325642415658226,-2.167398520097444
C10,533,1759622400000000000,2025-10,10.201865196228027,1.4319498538970947,11967.6181640625,10.480406763630516,2.45579713434563,2025-10,10.072566986083984,1.646040916442871,10899.556640625,9.942954977147838,3.618939585574558
C10,794,1759622400000000000,2025-10,10.367277145385742,-0.9066518545150757,10162.1669921875,9.104963299278126,-0.1424093228690937,2025-10,10.36453628540039,-0.7864177227020264,10471.185546875,10.051797520758903,0.0042021741251605516
C10,796,1759622400000000000,2025-10,8.993712425231934,5.86163854598999,9239.2919921875,9.761746205015283,9.462539898767474,2025-10,9.164617538452148,6.020988464355469,9543.8779296875,11.420622931407419,9.818213746402916
C10,249,1759665600000000000,2025-10,2.1797585487365723,0.9824886322021484,12518.1494140625,1.6549959917826602,0.3191611567240606,2025-10,3.555603504180908,1.6202471256256104,11170.267578125,3.389520809579663,0.6630031540599458
C10,527,1759665600000000000,2025-10,5.02072286605835,5.58203125,9235.248046875,6.796831353970892,5.202057111994142,2025-10,4.402012825012207,5.103376865386963,8869.2646484375,6.163709552330962,5.1001419831705945
C10,796,1759665600000000000,2025-10,6.644176483154297,6.787741661071777,8885.9931640625,3.147868889072658,7.017968963272621,2025-10,6.710153102874756,6.930549621582031,8721.7578125,2.6489796819312685,6.580390057982953
C10,249,1759708800000000000,2025-10,1.2740603685379028,-1.769250750541687,11076.7578125,-1.1742733797706613,-0.11660212056274363,2025-10,1.6389341354370117,-2.327657699584961,10527.6533203125,-1.4039116066488195,0.08906691976028916
C10,527,1759708800000000000,2025-10,5.584721565246582,9.13093090057373,11426.5126953125,7.214559808549262,9.939995381082124,2025-10,4.616476058959961,8.494832038879395,10208.99609375,4.639997988908242,9.068447642649215
C10,533,1759708800000000000,2025-10,5.5873823165893555,3.848306179046631,9657.12890625,10.481245157265288,1.8351681568627842,2025-10,6.078262805938721,4.0281500816345215,9743.193359375,10.536965172202509,2.087616926863951
C10,791,1759708800000000000,2025-10,10.264498710632324,3.0916619300842285,11509.3359375,10.586762752399196,4.016249577765128,2025-10,9.740161895751953,3.1050918102264404,11280.169921875,9.511358179332433,3.2881320258729554
C10,792,1759708800000000000,2025-10,9.537267684936523,0.3710538148880005,11941.0078125,13.186250846959233,1.8680620437422832,2025-10,9.580808639526367,0.690586507320404,11302.4296875,12.010167482994767,2.648030417926411
C10,867,1759708800000000000,2025-10,6.5507683753967285,0.3342500925064087,11350.0625,11.228140394014568,0.3406886359968154,2025-10,6.837508678436279,0.6802727580070496,10717.7177734375,13.147297382853658,0.943316927940829
C10,249,1759752000000000000,2025-10,-0.8825982213020325,-8.12243366241455,12780.7119140625,-4.195126848098542,-8.042702430533794,2025-10,0.893852949142456,-7.351128578186035,11790.6396484375,-4.55069684605806,-6.52811147714586
C10,524,1759752000000000000,2025-10,8.344751358032227,9.994763374328613,11489.310546875,9.812477382910657,6.612274244946471,2025-10,8.518964767456055,10.504654884338379,11369.0048828125,10.25629584815997,6.338149613335154
C10,529,1759795200000000000,2025-10,1.673264503479004,9.475051879882812,12033.263671875,3.1465717511229396,10.717810727043876,2025-10,1.162691593170166,9.492756843566895,10829.517578125,3.1285729112864407,8.870870273429754
C10,792,1759795200000000000,2025-10,8.147661209106445,-5.402675151824951,10788.9033203125,9.218570002567848,-8.718472450849582,2025-10,8.742542266845703,-5.730528831481934,10557.7470703125,8.174671126061341,-7.0397422589793885
C10,806,1759795200000000000,2025-10,20.04529571533203,0.9039660096168518,12059.28125,20.034914339212342,3.17321867366352,2025-10,18.377384185791016,0.5597327351570129,10872.8427734375,19.279287407036215,3.6540083703454904
C10,532,1759924800000000000,2025-10,-3.799461841583252,-4.215905666351318,12783.751953125,-6.468100276532887,-4.339378550934888,2025-10,-2.6971383094787598,-3.341557264328003,11532.3837890625,-3.801123009177844,-3.4941449382475223
C10,527,1759968000000000000,2025-10,-4.7305755615234375,-6.170516014099121,10535.5546875,-7.815574105286341,-7.603018196944998,2025-10,-3.605379581451416,-5.883958339691162,9929.7001953125,-6.409780962082857,-9.522896958927543
C10,535,1759968000000000000,2025-10,4.1814093589782715,-18.0466251373291,12821.1796875,-0.3994104653466764,-21.28992475200465,2025-10,5.252561092376709,-18.030166625976562,11650.8369140625,-4.068165811117824,-14.631244174895446
C10,793,1760011200000000000,2025-10,17.84975814819336,0.021699486300349236,9496.423828125,16.602214998293228,0.09671985819604827,2025-10,16.232309341430664,0.22962158918380737,9882.802734375,18.53387331604742,0.1629395410413853
C10,795,1760011200000000000,2025-10,15.060029029846191,-4.500254154205322,10046.2041015625,14.47827828104674,-4.985270964611301,2025-10,14.333124160766602,-4.625268459320068,10292.8544921875,14.292154972345614,-4.921183555595078
C10,796,1760011200000000000,2025-10,19.55894660949707,-1.5205895900726318,9209.0244140625,18.800241486729647,-0.5981655852148577,2025-10,17.840648651123047,-2.0854744911193848,9717.361328125,19.5107398076381,-0.34056123868193094
C10,867,1760011200000000000,2025-10,16.562152862548828,-4.432183742523193,10277.935546875,15.758224743041396,-3.531834439115599,2025-10,15.552408218383789,-4.709173202514648,10414.671875,16.002169604849815,-3.744265302613378
C10,249,1760054400000000000,2025-10,-2.773808002471924,10.038414001464844,11187.9228515625,-0.2862457898214644,8.325283946393181,2025-10,-2.641418933868408,9.672307014465332,10697.4072265625,-0.9976605535159437,7.178671215366807
C10,482,1760054400000000000,2025-10,6.901821136474609,8.374068260192871,12182.7744140625,11.964870122389717,10.0397174550277,2025-10,7.279028415679932,8.324853897094727,11560.6025390625,11.48181801208018,9.63438889608857
C10,532,1760054400000000000,2025-10,-11.683370590209961,-10.589991569519043,12061.0263671875,-18.639082350960706,-11.333719662405123,2025-10,-8.554391860961914,-8.745936393737793,10622.021484375,-15.080415658630784,-9.40605690397733
C10,533,1760054400000000000,2025-10,-10.712949752807617,-11.869036674499512,12498.404296875,-20.507113380547008,-14.499033406199938,2025-10,-8.717729568481445,-10.872614860534668,11550.8955078125,-15.803981888248604,-10.074858211895108
C10,792,1760054400000000000,2025-10,6.943225383758545,2.4520843029022217,10668.8740234375,3.1571883777224574,-0.39317205545362255,2025-10,7.2124924659729,2.5349607467651367,10283.4580078125,4.459152369814273,-0.061871799243602144
C10,793,1760054400000000000,2025-10,9.843780517578125,7.911149978637695,8707.83984375,12.017500936647835,6.528242254472018,2025-10,10.763352394104004,8.020530700683594,9108.5419921875,12.179796168373992,7.785776656520056
C10,867,1760054400000000000,2025-10,10.226865768432617,6.759578704833984,9390.7783203125,18.70998049365205,8.564780115378067,2025-10,9.676326751708984,6.419750213623047,10089.4404296875,17.95131364989877,8.37083492105417
C10,532,1760097600000000000,2025-10,-9.090991020202637,-9.326988220214844,10959.5078125,-12.22532893163482,-14.510981186279865,2025-10,-7.867990493774414,-8.19325065612793,10853.1259765625,-12.26846445653089,-14.357948618718812
C10,534,1760097600000000000,2025-10,-12.31037712097168,-5.721213340759277,11173.634765625,-15.352546746462481,-6.979622396524064,2025-10,-10.924874305725098,-5.2289581298828125,10721.7666015625,-14.669042014432558,-7.133133355731981
C10,791,1760097600000000000,2025-10,7.271348476409912,8.348430633544922,10737.19921875,1.2474281585180713,10.005091884082088,2025-10,6.655231952667236,9.278669357299805,10790.1748046875,1.2669378689898634,10.201197589309208
C10,482,1760140800000000000,2025-10,5.172361373901367,3.5603270530700684,11953.662109375,6.718938725069165,-0.12082854966865852,2025-10,5.675107479095459,4.084319114685059,11214.5791015625,8.455450741075785,1.8179089441871887
C10,531,1760140800000000000,2025-10,-9.900506019592285,-7.79898738861084,10945.1162109375,-11.240813983800109,-6.590110774788507,2025-10,-9.872783660888672,-7.497265815734863,10821.5087890625,-11.341416511761656,-6.794139782164803
C10,791,1760140800000000000,2025-10,7.1300225257873535,15.517266273498535,10381.294921875,11.914205138014824,19.612883871556363,2025-10,6.1671977043151855,15.449922561645508,10197.3193359375,11.12549544378971,18.832557306157817
C10,482,1760227200000000000,2025-10,-0.6279963850975037,6.737045764923096,11388.4306640625,1.3832662527179629,6.471921996251252,2025-10,-0.711803674697876,7.4863600730896,11282.455078125,1.3478907543248686,6.63648371028437
C10,803,1760227200000000000,2025-10,12.079839706420898,-11.82685375213623,9328.3125,12.630231207307741,-10.159016509263115,2025-10,11.133298873901367,-12.367383003234863,9629.5771484375,13.210610949948434,-10.3665076991808
C10,482,1760270400000000000,2025-10,-3.04190993309021,7.1439056396484375,11133.3427734375,1.252083068387819,4.682429491257534,2025-10,-3.149287223815918,7.215311050415039,11117.8857421875,1.2824789399947387,4.648377717483625
C10,482,1760313600000000000,2025-10,-4.180785179138184,3.5458123683929443,11268.95703125,-1.3414551710541165,-1.2192678105179846,2025-10,-4.7348737716674805,3.790616273880005,11265.787109375,-1.3409840956195915,-1.2309994446291848
C10,249,1760356800000000000,2025-10,-7.805361747741699,-2.3086280822753906,10993.4287109375,-5.973413080296644,-3.162780158508927,2025-10,-7.352509498596191,-1.912003517150879,10250.8095703125,-7.009710375857985,-2.166561323511153
C10,482,1760356800000000000,2025-10,-6.585084438323975,0.7127726078033447,11860.5634765625,-4.644274967889352,2.12808458606193,2025-10,-6.89914083480835,1.0071992874145508,10961.0693359375,-4.736839150884263,4.743129239181086
C10,249,1760400000000000000,2025-10,-6.882756233215332,-0.883733332157135,11872.4443359375,-6.03427336308683,-0.7587297083230652,2025-10,-6.734258651733398,-0.5014333128929138,10840.2353515625,-7.858344714719667,-0.07026036199843394
C10,249,1760443200000000000,2025-10,-8.38843822479248,-4.844381332397461,11722.8271484375,-11.541745022285522,-5.845346010248069,2025-10,-8.030143737792969,-4.202521324157715,10996.314453125,-11.106862407036155,-6.373595739130356
C10,482,1760443200000000000,2025-10,-6.660685062408447,-6.064298152923584,11630.5751953125,-6.696679815386322,-6.218679647987419,2025-10,-7.342796325683594,-6.0248799324035645,11334.0439453125,-6.878361928420821,-5.267607374755175
C10,482,1760486400000000000,2025-10,-7.695146083831787,-11.243319511413574,11815.1767578125,-10.03261550864255,-11.542912570659599,2025-10,-7.041131496429443,-11.139433860778809,11538.87890625,-9.342888409946415,-11.49044421076825
C10,527,1760529600000000000,2025-10,-9.515118598937988,0.5919440984725952,13183.38671875,-7.1655345029270885,0.45182294871035467,2025-10,-8.827981948852539,0.9058002829551697,10679.0791015625,-7.005409640660803,-0.1777239900581011
C10,249,1760572800000000000,2025-10,-6.028711795806885,0.36167415976524353,11950.8037109375,-4.225098248502632,-0.030077249721620125,2025-10,-5.929825782775879,0.5615606904029846,11453.1865234375,-5.836466176836897,0.5103524424443184
C10,527,1760572800000000000,2025-10,-2.9430482387542725,-6.103430271148682,12680.0986328125,-4.760618264875584,-3.0932498486420883,2025-10,-2.372190237045288,-5.633813381195068,11450.6552734375,-3.0983359751362363,0.489442106331321
C10,528,1760616000000000000,2025-10,12.227850914001465,-0.39351460337638855,10516.0810546875,12.667664717188813,-1.2134453107843097,2025-10,11.350810050964355,-0.47040417790412903,10166.7265625,11.627553510541716,-2.237613388006057
C10,534,1760616000000000000,2025-10,-4.602659225463867,8.872742652893066,12610.2646484375,-1.529411871492957,9.50415849650823,2025-10,-4.283740997314453,9.942614555358887,11976.55859375,-0.8552535995554706,7.9075666210998
C10,527,1760659200000000000,2025-10,-2.725397825241089,0.8863927721977234,11909.3740234375,-3.322135109037991,-0.38280655588159973,2025-10,-2.626315116882324,1.7077245712280273,11237.0634765625,-2.4322599337881328,0.02651832017480936
C10,534,1760659200000000000,2025-10,-4.157903671264648,6.816829681396484,11957.6494140625,-0.3496789032826199,7.355048714310082,2025-10,-3.6654953956604004,7.4005513191223145,11493.0595703125,-1.396547483210452,6.5546708040832975
C10,482,1760702400000000000,2025-10,0.7929311990737915,-2.2535347938537598,11564.3798828125,2.0119595439781097,-2.2306379646313896,2025-10,1.566040277481079,-2.257438898086548,10979.6943359375,2.7588478118911794,-1.368637884477847
C10,527,1760832000000000000,2025-10,6.918941974639893,0.7182067036628723,12328.5712890625,5.941032256315639,3.4722742322516136,2025-10,7.805553913116455,1.3244879245758057,11132.611328125,3.6162964641015876,2.4635171134348934
C10,482,1760875200000000000,2025-10,-2.1105120182037354,-0.8172804713249207,10658.62890625,-1.248341740522255,-1.4877157040618683,2025-10,-1.744235873222351,-0.1193566620349884,10502.810546875,-1.0432936330210403,-1.2433488935039665
C10,795,1760918400000000000,2025-10,13.996564865112305,5.838494300842285,10276.015625,12.24476756917738,6.315763749057751,2025-10,13.137590408325195,5.453539848327637,10015.111328125,12.55603240930024,5.62869664921752
C10,867,1760918400000000000,2025-10,14.067131042480469,3.262395143508911,10296.0361328125,14.321434343506397,3.1061614388598127,2025-10,13.203691482543945,3.1171822547912598,10297.953125,14.315623732972146,3.1068877037495373
C10,482,1761004800000000000,2025-10,7.232879161834717,-2.08559250831604,10882.572265625,3.177621023341973,-1.1910612183935596,2025-10,7.639136791229248,-2.0527689456939697,10412.85546875,2.1879659921229693,-0.9971955263362025
C10,250,1761048000000000000,2025-10,0.4833008944988251,-3.5055932998657227,10468.5693359375,0.3928541829580383,0.2104059736680709,2025-10,0.49822568893432617,-3.135693073272705,11575.6708984375,-0.9124576799174287,-1.52509566850825
C10,482,1761048000000000000,2025-10,8.34627914428711,-0.5083371996879578,11526.6357421875,7.615183887835339,-0.9743399719155685,2025-10,8.862913131713867,-0.6874398589134216,9996.8583984375,3.285490216970385,0.8596342578998724
C10,799,1761091200000000000,2025-10,17.069599151611328,-8.744328498840332,9662.3388671875,15.751609758375224,-10.410710271633635,2025-10,16.75444984436035,-8.701323509216309,10191.201171875,15.750096263124345,-7.29688925378124
C10,524,1761177600000000000,2025-10,7.951877593994141,9.452465057373047,8504.7578125,7.591226227977313,9.691119633754715,2025-10,7.712926387786865,9.83796501159668,9306.046875,10.23657819923515,12.415407486525007
C10,806,1761220800000000000,2025-10,19.637191772460938,3.665904998779297,10118.111328125,22.814161172757544,5.080172274882595,2025-10,15.863338470458984,2.536104679107666,10288.8203125,24.37511365202235,5.854415833390798
C10,526,1761264000000000000,2025-10,19.466489791870117,2.9700217247009277,12606.3056640625,20.265772661393097,-0.3822570546447282,2025-10,17.98798370361328,2.6549108028411865,11294.224609375,13.91290440203597,5.333539694737694
C10,801,1761264000000000000,2025-10,28.133769989013672,-1.2966195344924927,10109.1865234375,24.705602845737054,-1.0707173288785294,2025-10,26.00872039794922,-1.627760410308838,10966.791015625,30.154592757982684,-1.413692973607343
C10,803,1761264000000000000,2025-10,20.949533462524414,0.4245623052120209,9883.5927734375,21.867586409343588,0.7317514735785826,2025-10,19.416030883789062,-0.00870281457901001,10207.615234375,21.788168073588345,-0.07720548725007337
C10,796,1761350400000000000,2025-10,23.1540470123291,-4.935295104980469,11032.078125,25.18886769228605,-5.164059987864309,2025-10,22.489883422851562,-4.905520915985107,10869.208984375,24.86349561151525,-5.209478076721144
C10,798,1761350400000000000,2025-10,24.185150146484375,-1.8149144649505615,11131.3203125,26.02756583937421,-1.0944172050426513,2025-10,22.822877883911133,-1.9254510402679443,11297.0712890625,26.25482901700177,-0.7737197935131381
C10,801,1761350400000000000,2025-10,32.91309356689453,2.2196850776672363,11071.56640625,33.22797389401269,4.596420783876128,2025-10,30.71822738647461,1.4185080528259277,11341.263671875,33.91615099690735,3.982395179507817
C10,524,1761393600000000000,2025-10,24.552358627319336,0.8167782425880432,10130.7158203125,26.08401119725839,1.3980035790756755,2025-10,22.03211212158203,0.5702828764915466,10222.7880859375,26.284186128767267,1.2349224478558418
C10,800,1761393600000000000,2025-10,19.20652961730957,1.4297760725021362,10354.6826171875,19.798599798327334,2.5836984438768886,2025-10,18.36032485961914,0.30288058519363403,10576.2783203125,18.508622542100575,2.3473807069740675
C10,524,1761480000000000000,2025-10,25.148099899291992,8.653289794921875,10596.2314453125,24.475637852649392,10.80487392428741,2025-10,23.33615493774414,7.942470073699951,10985.140625,25.20558021068573,11.410771304581846
C10,793,1761480000000000000,2025-10,22.937053680419922,1.7802995443344116,9518.28515625,24.93245279932544,3.907913960368257,2025-10,21.988203048706055,1.6712186336517334,10355.1044921875,26.966116483832096,3.9604908566448715
C10,249,1761523200000000000,2025-10,-5.952062606811523,2.6569082736968994,12435.1328125,-2.2858522294551733,8.134030354528019,2025-10,-6.236366271972656,2.81046724319458,11772.4599609375,-3.08328814971317,5.835983860384573
C10,523,1761523200000000000,2025-10,33.360435485839844,6.297271251678467,10596.1484375,33.95747465894222,8.381741582918167,2025-10,29.955921173095703,4.848384380340576,11074.5048828125,34.16025979802783,8.705380480397686
C10,525,1761523200000000000,2025-10,23.419628143310547,1.6528366804122925,11139.138671875,22.4765128894576,3.343853866100172,2025-10,21.97972297668457,1.2389945983886719,10894.7744140625,21.587279473735936,3.8064198035508436
C10,249,1761566400000000000,2025-10,-4.381742477416992,5.765178680419922,11453.875,-2.0145334899801797,4.909432433068953,2025-10,-5.290499687194824,5.851240634918213,11413.51171875,-2.0780558180818898,4.86660836853388
C10,525,1761566400000000000,2025-10,30.135465621948242,-6.476242542266846,11436.5771484375,26.459107226293,-10.208671707910213,2025-10,28.888534545898438,-7.197997570037842,11528.888671875,26.96359882131219,-10.048071497794064
C10,524,1761609600000000000,2025-10,18.992311477661133,-4.072530746459961,9927.796875,20.376324591726537,-3.223294192824572,2025-10,18.317646026611328,-4.323063373565674,9969.685546875,20.483289062039603,-3.174190338374308
C10,526,1761609600000000000,2025-10,13.989261627197266,-2.7728586196899414,8991.857421875,11.417535027530063,-2.5452989481376154,2025-10,13.885580062866211,-2.9107346534729004,10055.6650390625,15.370643541499973,-3.3137034904407336
C10,528,1761609600000000000,2025-10,15.200984954833984,-3.966024875640869,9559.865234375,13.166737969843537,-7.432739747039257,2025-10,15.070440292358398,-3.810149908065796,9954.0029296875,14.110186570970797,-7.790872650759251
C10,867,1761609600000000000,2025-10,11.204893112182617,13.58089828491211,8926.765625,19.97548605493809,12.691230479588633,2025-10,11.017248153686523,13.801950454711914,10543.4658203125,23.12956813012383,9.042920987367896
C10,249,1761652800000000000,2025-10,-1.0812032222747803,5.712008953094482,11862.78515625,2.4263376226568307,5.660495413553952,2025-10,-1.0011656284332275,5.61912727355957,11523.3505859375,2.8822638300601997,5.883818882651909
C10,249,1761696000000000000,2025-10,-0.12029000371694565,5.262322902679443,11959.4013671875,2.876072669164243,3.5784387218235363,2025-10,-1.3849878311157227,5.266111850738525,10864.8837890625,6.331073995699278,6.54914506865728
C10,579,1761696000000000000,2025-10,-6.582763671875,-0.5842209458351135,11283.9423828125,-5.578484959159696,-0.4880541988407049,2025-10,-6.035837173461914,0.12794387340545654,11028.478515625,-4.075280418984767,-0.35654083913564133
C10,249,1761739200000000000,2025-10,0.6904116272926331,2.7835938930511475,10932.9248046875,2.9183424953992287,1.746446571819723,2025-10,0.6299748420715332,3.3934850692749023,10300.912109375,4.827238341262542,2.81648141813496
C10,482,1761782400000000000,2025-10,1.374117136001587,6.06283712387085,12125.8076171875,3.764858441099981,9.188638950305391,2025-10,2.075019359588623,6.234921932220459,11770.67578125,3.507682323990227,7.385673050233007
C10,249,1761825600000000000,2025-10,-5.020140647888184,6.033665657043457,11533.33203125,-2.0646939257483905,7.060830311912641,2025-10,-4.699074745178223,6.01824426651001,11340.759765625,-2.1736175441269676,6.734930667780793
C10,249,1761868800000000000,2025-10,-3.6399707794189453,2.6588218212127686,10894.1826171875,-3.935348340685082,3.3047718152896883,2025-10,-4.776797294616699,3.349043607711792,10968.427734375,-4.20842896896145,3.222388595265939
C10,534,1761868800000000000,2025-10,9.687769889831543,7.3424248695373535,13195.8720703125,9.874747974628207,7.856823571615294,2025-10,10.21915054321289,7.700035572052002,12145.169921875,11.029728319622176,7.860561568043101
C10,249,1761998400000000000,2025-11,-0.11238300800323486,-4.821432113647461,12550.4755859375,-1.5632812384965198,-3.800591521896569,2025-11,1.7416572570800781,-4.337780475616455,11771.02734375,-0.6425038695378551,-4.701663841828653
C10,534,1762041600000000000,2025-11,13.917590141296387,4.512360095977783,12629.8203125,12.983177918677082,4.000393233776846,2025-11,13.484445571899414,4.9267802238464355,11607.974609375,11.799605647810559,5.760424422897474
C10,249,1762128000000000000,2025-11,-2.614213705062866,7.919445514678955,11969.298828125,0.7853656126524915,7.2088818209979575,2025-11,-2.012014150619507,7.292142868041992,11503.1845703125,-0.14860619836101185,5.284629187378593
C10,533,1762128000000000000,2025-11,15.533756256103516,5.417445182800293,11785.615234375,15.22733713811062,7.013012101656656,2025-11,15.370887756347656,5.409431457519531,10789.720703125,15.640664909314363,8.56948292111712
C10,808,1762214400000000000,2025-11,14.087135314941406,-0.031216809526085854,11411.7080078125,13.441523301289203,0.595381165172368,2025-11,14.271602630615234,-0.3100714087486267,10772.4013671875,11.222576995179313,1.9613549083944473
C10,249,1762257600000000000,2025-11,-4.896729469299316,2.1431121826171875,11233.640625,-5.787930961576982,3.9811008754015735,2025-11,-5.821437835693359,2.3716602325439453,10832.3173828125,-5.778377234524126,3.2558250794559864
C10,791,1762257600000000000,2025-11,9.607012748718262,11.79294490814209,8209.4208984375,15.968367559624262,12.546115159528131,2025-11,8.487937927246094,11.79932975769043,8775.5732421875,18.308693339582085,12.054591071508598
C10,792,1762300800000000000,2025-11,12.36081314086914,8.137707710266113,9337.7412109375,13.425076977750871,8.062790167826911,2025-11,11.067380905151367,7.6569085121154785,9153.373046875,13.386055329461339,7.7074536450057005
C10,791,1762344000000000000,2025-11,9.650936126708984,3.048125743865967,8943.7060546875,13.266110636359324,3.1036267746200688,2025-11,9.162796020507812,2.96136736869812,9161.1083984375,14.684213984765728,3.1347970446273443
C10,791,1762387200000000000,2025-11,11.563693046569824,3.971770763397217,9276.4052734375,13.160972152303195,2.528207510666964,2025-11,10.938173294067383,4.052277088165283,9417.400390625,13.621894965344632,2.541826614870187
C10,793,1762430400000000000,2025-11,24.257780075073242,1.8854362964630127,9775.32421875,24.17805024829224,2.223048914811934,2025-11,21.65387725830078,1.2301912307739258,10667.056640625,28.8790357869907,5.228893719550671
C10,791,1762473600000000000,2025-11,13.98951530456543,8.360098838806152,9208.62890625,18.559180367983984,9.175667658068562,2025-11,13.517417907714844,8.489754676818848,9970.1923828125,20.948436981315314,10.673761710659836
C10,792,1762473600000000000,2025-11,14.377983093261719,8.06873893737793,9342.751953125,17.82601020342226,10.19737694659036,2025-11,14.669570922851562,8.29944896697998,10030.69140625,20.2005996048379,11.68463575789075
C10,867,1762516800000000000,2025-11,6.615462779998779,7.872669219970703,8410.4609375,8.140108191453427,4.699693555967176,2025-11,6.257675647735596,7.8933892250061035,8836.376953125,8.426596898033997,4.865097873315252
C10,791,1762560000000000000,2025-11,13.917884826660156,6.706264019012451,7594.658203125,16.029211940209763,7.806744718580243,2025-11,12.871749877929688,6.299121856689453,9079.83203125,19.42942635460856,9.14856910361107
C10,792,1762560000000000000,2025-11,16.080364227294922,7.886286735534668,8510.2978515625,18.434919896059803,9.021537197381797,2025-11,14.784297943115234,7.076842308044434,9568.0869140625,20.58474317779949,12.301073594185942
C10,249,1762603200000000000,2025-11,-2.8535702228546143,3.1813125610351562,11816.25390625,-2.13475282310925,3.3596426986899424,2025-11,-2.9793989658355713,3.7501213550567627,10603.6376953125,-3.4202655599541725,3.83294991584982
C10,530,1762603200000000000,2025-11,17.86781120300293,4.766098976135254,12395.8203125,16.289748173967308,7.545435754050102,2025-11,17.36395835876465,4.077702522277832,11618.671875,14.985812826880387,4.164224814623594
C10,534,1762603200000000000,2025-11,7.130334377288818,4.9561967849731445,12483.888671875,7.945031488496873,4.507287075261722,2025-11,8.195568084716797,5.811466217041016,11453.5078125,5.556831368454256,3.5415525913504617
C10,795,1762603200000000000,2025-11,16.032501220703125,0.08552178740501404,8149.353515625,14.141160984836159,-0.4135605933593517,2025-11,14.031295776367188,-0.2829826772212982,9628.6220703125,18.914683812316824,1.1928437441179947
C10,528,1762646400000000000,2025-11,22.044925689697266,1.755713701248169,12887.9140625,23.869568732206048,0.5600274670619404,2025-11,20.608352661132812,0.6160346269607544,11768.900390625,20.693111328514558,3.801262774153655e-15
C10,530,1762646400000000000,2025-11,14.215079307556152,2.775033473968506,12518.9287109375,15.194877128208342,3.9998224138893916,2025-11,15.286212921142578,3.422220468521118,11967.763671875,14.287762190633435,2.877194986431575
C10,531,1762646400000000000,2025-11,18.013769149780273,0.7452009916305542,12129.8642578125,16.59980600989316,3.0493348889958926e-15,2025-11,17.032419204711914,0.5896713137626648,10947.17578125,14.910250736463842,2.7389686365732066e-15
C10,532,1762646400000000000,2025-11,16.372386932373047,0.017488960176706314,12500.5625,17.521705839753817,2.517554979667317,2025-11,15.232650756835938,-0.3143271207809448,10889.7109375,12.708730699405784,2.18621282039565
C10,249,1762689600000000000,2025-11,0.6636515855789185,2.6209218502044678,11937.1689453125,-1.182582558647349,1.871837807707446,2025-11,1.28464937210083,2.7830498218536377,11337.71484375,-1.2573855774130718,3.065682806254921
C10,804,1762689600000000000,2025-11,25.69892692565918,1.1452574729919434,8815.6474609375,24.870136541201646,2.9586473533228173,2025-11,24.02682876586914,0.24129587411880493,10281.4580078125,34.228224576229934,-1.001085170921738
C10,527,1762732800000000000,2025-11,16.68414306640625,13.526644706726074,12219.6279296875,21.99832672496395,15.023391960440016,2025-11,14.978235244750977,11.302637100219727,11195.5830078125,20.37795494136169,12.199614303865337
C10,528,1762732800000000000,2025-11,13.488131523132324,6.1092915534973145,10939.7802734375,12.943551566939774,7.367840905451336,2025-11,13.678476333618164,5.696605205535889,10494.1474609375,12.885767261121423,5.294950636753812
C10,529,1762732800000000000,2025-11,13.46507453918457,16.791120529174805,12282.2197265625,15.43444662270814,17.77329837213061,2025-11,11.985298156738281,15.621942520141602,11493.666015625,14.897685557371956,14.380205529350407
C10,530,1762732800000000000,2025-11,9.17971420288086,4.060269355773926,10433.6591796875,8.56351081187278,3.655814626161009,2025-11,9.416086196899414,3.818427324295044,10514.5703125,8.816814288794994,3.6618873439729214
C10,527,1762776000000000000,2025-11,13.080028533935547,12.41159439086914,9973.8115234375,15.893293691149337,13.857738489371592,2025-11,10.4337158203125,10.48265266418457,10483.9169921875,15.389833911718977,14.407168563195903
C10,528,1762776000000000000,2025-11,11.567809104919434,4.334754943847656,9999.22265625,11.10079451434074,3.0547666208533153,2025-11,11.514183044433594,4.1308088302612305,9920.26171875,10.865285539819348,3.212838313636941
C10,529,1762776000000000000,2025-11,14.871466636657715,15.949817657470703,10841.3984375,15.714486712962389,16.107451869251708,2025-11,11.583086013793945,13.884981155395508,11033.4677734375,16.739122331879884,16.542613910343878
C10,530,1762776000000000000,2025-11,5.795762538909912,2.507415771484375,10039.576171875,5.671975310755521,2.561650902203471,2025-11,5.6887688636779785,3.040370225906372,10246.18359375,6.02258931311518,1.9738653815224771
C10,533,1762776000000000000,2025-11,0.2928527593612671,12.033905029296875,10760.283203125,3.5540163703835645,13.263769594024838,2025-11,0.7712037563323975,12.12439250946045,10529.6943359375,3.236666116700323,12.079402391124324
C10,579,1762776000000000000,2025-11,-7.595054626464844,11.768614768981934,12334.1025390625,-5.580278414868493,9.200333100261366,2025-11,-7.995495796203613,11.843589782714844,12238.6826171875,-5.544490743145321,8.899669527359645
C10,482,1762819200000000000,2025-11,11.781645774841309,7.155257701873779,11620.5224609375,14.552625405353302,7.790461935712824,2025-11,11.584159851074219,6.459964275360107,10814.703125,10.434912291891548,6.106065845711434
C10,526,1762819200000000000,2025-11,13.6148681640625,5.885198593139648,10219.15234375,13.386034295626168,6.283989192387922,2025-11,13.181201934814453,5.775514125823975,10425.2861328125,13.27440834209641,7.710783513611167
C10,528,1762819200000000000,2025-11,6.9580793380737305,8.438888549804688,9931.3876953125,7.449396339078779,8.877845214577691,2025-11,8.141498565673828,8.785496711730957,10655.814453125,7.07387018336599,8.43031036133968
C10,530,1762819200000000000,2025-11,3.0521650314331055,7.533085346221924,10696.60546875,3.6590385974436996,6.627356308639049,2025-11,3.9409546852111816,7.969638347625732,10550.380859375,3.697682828105986,6.88392543181777
C10,530,1762862400000000000,2025-11,-0.7624239921569824,7.968214988708496,9558.341796875,1.744849041322665,6.801322141220196,2025-11,0.4750385284423828,8.67488956451416,10061.240234375,2.492291718945771,9.301359374624408
C10,482,1762905600000000000,2025-11,2.400517225265503,4.569890975952148,11515.724609375,7.667907757947365,6.706245196910468,2025-11,2.543992519378662,5.00518798828125,9842.7470703125,3.382739499325437,1.4957895851415604
C10,534,1762992000000000000,2025-11,2.4855589866638184,21.01974105834961,11749.3740234375,7.504388499217501,22.11240059485165,2025-11,2.4035449028015137,21.592702865600586,11658.953125,7.956352403770094,21.876988753068204
C10,527,1763035200000000000,2025-11,18.902475357055664,8.492021560668945,12767.8662109375,20.335835463330778,8.07602564822307,2025-11,18.239791870117188,8.368229866027832,11928.2841796875,18.393800488773252,10.94822051288674
C10,529,1763035200000000000,2025-11,14.455178260803223,10.935870170593262,12164.3662109375,17.525345294882676,10.884441409149163,2025-11,13.901500701904297,9.891947746276855,11845.3896484375,16.71851007602919,11.245289573854558
C10,530,1763035200000000000,2025-11,-4.988119602203369,11.809432983398438,9058.5947265625,-5.011874852008231,10.74799999949173,2025-11,-3.729470729827881,12.192449569702148,9991.4365234375,-3.6279742268972015,13.070761565806432
C10,533,1763035200000000000,2025-11,0.7562345862388611,13.097530364990234,11247.919921875,2.1272862413890135,15.050933903491456,2025-11,1.0483789443969727,13.593390464782715,11354.900390625,2.458172575253132,15.133841828027204
C10,523,1763078400000000000,2025-11,13.531790733337402,9.046120643615723,10751.591796875,13.55288767836988,10.947716476656497,2025-11,13.23359489440918,8.925827026367188,10777.16796875,13.58871574434638,11.042249634996056
C10,527,1763078400000000000,2025-11,12.515704154968262,6.1773786544799805,12072.349609375,13.44272505343338,6.657357458397747,2025-11,12.394817352294922,5.920481204986572,11405.3232421875,14.115663316983705,10.01902846749872
C10,533,1763078400000000000,2025-11,-4.437005996704102,9.890482902526855,10620.185546875,-1.864353429521471,9.402449108634352,2025-11,-4.535438537597656,10.3930082321167,10921.0703125,-2.018799449054761,11.257425548901988
C10,579,1763078400000000000,2025-11,-3.933046579360962,4.612281799316406,10383.9287109375,-4.776810530487637,3.4337301864381518,2025-11,-4.750829696655273,5.081136226654053,10528.232421875,-4.857504301766312,3.631773153128961
C10,803,1763078400000000000,2025-11,17.789531707763672,-7.164764881134033,9582.1494140625,18.382324745279,-6.707323213293338,2025-11,17.094423294067383,-7.5991926193237305,9433.0927734375,18.277825880357288,-6.718252526124901
C10,249,1763164800000000000,2025-11,0.37907934188842773,8.998650550842285,12393.4033203125,1.7797271083794777,8.446715733459042,2025-11,-0.07357573509216309,8.835774421691895,11807.7431640625,1.4031393912997876,7.23170037752938
C10,579,1763164800000000000,2025-11,-4.1541523933410645,4.344937324523926,11274.1328125,-3.7908695996801898,4.1215325836255845,2025-11,-4.797887802124023,4.889504432678223,11675.5546875,-2.8893521835184277,3.7225477901702697
C10,532,1763208000000000000,2025-11,4.650628089904785,5.9065680503845215,11175.52734375,7.020504343516096,6.537068177528422,2025-11,4.544098854064941,6.590411186218262,11047.119140625,7.376551887788008,5.820452302630092
C10,249,1763251200000000000,2025-11,3.5178909301757812,5.752509593963623,11678.4677734375,4.559955790426428,6.275170532678498,2025-11,2.9715733528137207,5.878607749938965,11065.76171875,4.860027108316233,4.770215522721107
C10,529,1763251200000000000,2025-11,12.589073181152344,3.1948609352111816,11673.736328125,13.170354960041045,4.058094858799819,2025-11,12.926382064819336,3.067152738571167,11470.685546875,13.322107510688419,3.576797152863662
C10,533,1763251200000000000,2025-11,-0.4921492338180542,3.6495373249053955,10283.3154296875,-0.5160791125744577,0.631941938322503,2025-11,-0.1314985752105713,4.375909328460693,10025.23046875,-2.158065127646923,0.3424154991883783
C10,803,1763251200000000000,2025-11,13.011109352111816,1.2457178831100464,10357.6279296875,14.39580310212498,0.8079264161547823,2025-11,12.881416320800781,1.1172118186950684,10693.8984375,14.442938165978596,0.9472207193488364
C10,804,1763251200000000000,2025-11,10.651239395141602,13.821396827697754,10246.97265625,11.047629260680154,13.642686153786887,2025-11,8.174568176269531,12.641983985900879,11084.4501953125,13.267742286585763,14.934606032443439
C10,805,1763251200000000000,2025-11,11.685762405395508,14.182311058044434,10568.1650390625,12.48528396937212,14.066382618170037,2025-11,10.098773956298828,13.816533088684082,10994.7666015625,11.9696774918109,13.902437252709325
C10,249,1763294400000000000,2025-11,-1.1318151950836182,7.734845161437988,12072.119140625,1.9519578115900793,6.933647277617027,2025-11,-1.498151183128357,7.7321696281433105,11694.494140625,0.9313229505150994,6.6196757713788
C10,524,1763294400000000000,2025-11,26.040813446044922,14.465754508972168,10797.65625,23.461239621043205,13.908857941627502,2025-11,24.686172485351562,13.787726402282715,11200.599609375,23.738234533269342,13.705275413250103
C10,579,1763294400000000000,2025-11,-6.444597244262695,7.9627251625061035,11715.2822265625,-1.6377083157838124,11.934917218012837,2025-11,-7.359138488769531,8.434625625610352,11996.412109375,-2.671145092513935,12.004617984892448
C10,249,1763337600000000000,2025-11,2.339751720428467,8.788509368896484,12719.7138671875,9.246236858417138,7.341424099678164,2025-11,2.6767187118530273,8.832143783569336,12070.98046875,9.369318017066789,6.942210387236487
C10,523,1763337600000000000,2025-11,23.24680519104004,3.2681808471679688,11009.873046875,21.54684362137883,3.7992897332372975,2025-11,21.982723236083984,3.1087961196899414,10849.9853515625,20.67478372976929,3.6816477921688926
C10,532,1763337600000000000,2025-11,7.804752349853516,7.957618713378906,11676.572265625,11.413978289213183,6.587409849291387,2025-11,7.24303674697876,7.387338161468506,11400.6787109375,12.014850689933876,5.918863086438138
C10,802,1763337600000000000,2025-11,16.245441436767578,-6.16604471206665,7407.47412109375,14.370916784569602,-5.75895961742059,2025-11,15.576574325561523,-5.693778038024902,9343.267578125,18.426711967161204,-2.920656815568363
C10,806,1763337600000000000,2025-11,26.651273727416992,6.840641975402832,10100.302734375,27.337119770174127,5.938810743442838,2025-11,26.04246711730957,6.359591007232666,10816.4267578125,27.482971981870595,8.878970166725052
C10,527,1763424000000000000,2025-11,22.02251434326172,2.940098762512207,11255.5302734375,19.362644469393352,2.152247830838928,2025-11,19.776037216186523,2.3434674739837646,11011.3837890625,18.219033996527696,1.6860225796002615
C10,532,1763424000000000000,2025-11,13.143482208251953,10.252424240112305,12791.7705078125,15.635510933159043,10.316123531727653,2025-11,11.420370101928711,9.176084518432617,10975.9296875,12.145962647135768,7.061916801439864
C10,533,1763424000000000000,2025-11,12.608809471130371,7.97141695022583,12413.439453125,12.187335819877328,10.226388214098622,2025-11,11.819774627685547,7.6863932609558105,11526.84765625,13.1642222078364,11.046093624684806
C10,799,1763424000000000000,2025-11,34.72849655151367,3.8734867572784424,10096.94921875,38.29688460443839,7.063535286349092,2025-11,32.39821243286133,3.244933605194092,11225.0576171875,41.02707458952745,6.785166765323883
C10,527,1763510400000000000,2025-11,18.029666900634766,-4.456702709197998,12304.17578125,17.614514996521933,-1.9789620227427505,2025-11,17.590559005737305,-4.690174102783203,10905.3994140625,14.814924366137989,-5.392191610355596
C10,579,1763510400000000000,2025-11,-4.981403350830078,2.7741270065307617,11667.294921875,-2.6563680834668633,2.4452158777370445,2025-11,-5.180820465087891,2.7167983055114746,11752.8740234375,-2.533508221366021,2.7635803911067245
C10,249,1763683200000000000,2025-11,7.70044469833374,8.29937744140625,11801.45703125,10.326877252725264,0.9423209418799314,2025-11,7.076999187469482,8.305234909057617,11362.3984375,7.998054558924508,-2.615936997881917
C10,800,1763683200000000000,2025-11,28.816558837890625,5.265807628631592,10329.0009765625,28.555281685801944,6.7167861319541355,2025-11,26.42571449279785,4.637477874755859,10975.05859375,29.766299558432458,6.327021985126712
C10,249,1763769600000000000,2025-11,5.704881191253662,12.638357162475586,11083.544921875,11.038212664086368,13.469097051717824,2025-11,4.5843377113342285,12.267278671264648,10992.138671875,10.937946641551777,13.809488099450258
C10,796,1763769600000000000,2025-11,19.525711059570312,1.1428282260894775,8939.294921875,18.8374062708725,-0.15843302059954673,2025-11,18.72460174560547,0.7183850407600403,9513.3955078125,20.106760857474903,0.6532191112926291
C10,867,1763769600000000000,2025-11,21.185012817382812,-5.723914623260498,10376.9296875,19.845791630253075,-6.022990641736888,2025-11,20.03058433532715,-5.985377311706543,10475.3681640625,20.049070395951773,-5.936644788536174
C10,249,1763856000000000000,2025-11,3.384002685546875,7.481849670410156,10494.431640625,6.160376643280809,6.473676595242974,2025-11,2.3390426635742188,7.760932445526123,10381.0732421875,6.048784100504903,6.053140113085679
C10,482,1763856000000000000,2025-11,12.4212064743042,1.8890022039413452,10943.2734375,17.899627305470375,3.198082253603363,2025-11,12.715646743774414,1.9440345764160156,10760.2822265625,16.10682960456899,2.6175728476768954
C10,523,1763856000000000000,2025-11,21.991487503051758,7.116048812866211,10014.779296875,22.96051519831883,9.083376444705701,2025-11,20.620346069335938,6.5704522132873535,10477.1015625,25.52676004074033,8.222676624186457
C10,804,1763856000000000000,2025-11,25.51319122314453,-3.6550581455230713,11367.1201171875,25.602714186572932,-3.3805967448482748,2025-11,24.945558547973633,-4.222891807556152,10883.529296875,26.98696093442846,-0.4631629191513121
C10,805,1763856000000000000,2025-11,22.73184585571289,3.714691400527954,9777.2392578125,23.59691518795874,3.947113413929789,2025-11,22.398334503173828,3.702632188796997,10281.28515625,24.265603807649654,4.796230122172384
C10,807,1763856000000000000,2025-11,28.35955047607422,15.889554023742676,8334.916015625,24.805806054114942,13.994215366203004,2025-11,24.35385513305664,14.24224853515625,10303.677734375,29.697999232201553,13.685271212846345
C10,525,1763899200000000000,2025-11,17.56492042541504,9.034749031066895,8877.228515625,19.066481626099204,9.60062984650455,2025-11,15.963315963745117,8.556574821472168,9731.7958984375,20.494866135304537,9.33963915109483
C10,482,1763942400000000000,2025-11,12.007359504699707,2.085310697555542,10031.703125,11.78613590005608,2.582334591773531,2025-11,12.474811553955078,2.146350622177124,10286.298828125,12.84378161549657,3.1141203971660976
C10,523,1763942400000000000,2025-11,18.928735733032227,11.71412181854248,8606.693359375,18.385566008018284,10.062515344778758,2025-11,19.387428283691406,11.317012786865234,10124.0537109375,21.403984303655847,11.724329979710918
C10,804,1763942400000000000,2025-11,17.160226821899414,9.008688926696777,9367.76171875,18.405368509697396,7.6079977154269045,2025-11,14.425699234008789,6.656974792480469,10115.220703125,18.325529856058058,8.647947758769089
C10,805,1763942400000000000,2025-11,20.533443450927734,9.585257530212402,9045.7822265625,19.83639523306413,9.421405875241533,2025-11,19.33038330078125,8.628774642944336,10384.58203125,20.05826301554112,11.248013444832427
C10,806,1763942400000000000,2025-11,25.644346237182617,17.030675888061523,9631.013671875,25.412971598087818,19.66671801595138,2025-11,22.066120147705078,15.100079536437988,10487.150390625,25.81543865803559,18.041555045174096
C10,579,1763985600000000000,2025-11,-1.4290320873260498,9.922625541687012,9773.8837890625,-1.0668373327540595,1.2163907731583412,2025-11,-1.1402820348739624,9.884393692016602,10771.8544921875,3.504439904268495,10.315434297581715
C10,806,1763985600000000000,2025-11,28.789194107055664,14.776155471801758,9347.30859375,28.61061105627952,16.311689042632143,2025-11,22.824478149414062,10.693910598754883,10325.958984375,29.83612639922038,14.95021961428164
C10,800,1764028800000000000,2025-11,23.95778465270996,6.0137834548950195,10201.3837890625,26.04311402859212,7.1541979044748985,2025-11,23.323930740356445,5.296915054321289,10618.8994140625,25.71188089261426,6.559290865158782
C10,249,1764072000000000000,2025-11,1.1100022792816162,8.541059494018555,10644.921875,3.2405300745881753,7.817318133165478,2025-11,0.7415585517883301,8.727899551391602,10979.154296875,3.918875224613205,8.782033796628363
C10,793,1764072000000000000,2025-11,19.90235710144043,1.8977781534194946,9257.0556640625,18.728199072624008,3.2870377325077036,2025-11,19.003108978271484,1.280243158340454,10465.642578125,21.198980665576983,0.4151687708925827
C10,794,1764072000000000000,2025-11,22.608150482177734,3.1637136936187744,9190.8046875,23.116021075357118,4.155181010365266,2025-11,21.992572784423828,3.0024349689483643,10322.9951171875,21.44725284939401,4.209428616947579
C10,795,1764072000000000000,2025-11,14.118577003479004,-0.006014816928654909,9251.0009765625,13.8969126210038,-0.37908837149626085,2025-11,14.052501678466797,0.11021852493286133,10235.6201171875,16.57287600993107,-2.194109602016158
C10,796,1764072000000000000,2025-11,23.696739196777344,5.460423946380615,9501.8671875,29.59510823104296,13.103848747164623,2025-11,23.150938034057617,4.5651936531066895,10585.8935546875,23.824093355872744,6.1210626025983945
C10,793,1764115200000000000,2025-11,26.33255958557129,3.9137299060821533,9877.86328125,27.13025478518715,6.149020644935694,2025-11,25.345510482788086,3.1141252517700195,10869.056640625,27.48442622673782,7.06804804769768
C10,867,1764115200000000000,2025-11,19.799161911010742,-0.7492231130599976,9549.9267578125,17.35563805602792,0.1729872009121185,2025-11,18.206941604614258,-0.9591530561447144,10190.787109375,20.124062004456388,-0.9584403843641813
C10,524,1764158400000000000,2025-11,23.2902774810791,-1.3693368434906006,9835.955078125,21.202275635792716,-0.4194829215375086,2025-11,22.60676383972168,-1.9234468936920166,10072.900390625,22.35816448221241,-0.8593690827909107
C10,529,1764158400000000000,2025-11,20.275217056274414,5.432211875915527,12622.6552734375,19.619025177249718,8.829456206570553,2025-11,19.10540008544922,4.714170455932617,9990.7626953125,10.276590510804951,6.1824409862801435
C10,534,1764158400000000000,2025-11,9.063126564025879,5.811544418334961,11641.1162109375,10.547180495667432,7.385215448038974,2025-11,10.041330337524414,6.686978340148926,10467.7412109375,8.957943295070812,4.2851247143666935
C10,793,1764158400000000000,2025-11,25.266979217529297,3.4012391567230225,8885.8271484375,27.044625367077767,7.840555983766025,2025-11,23.999610900878906,3.048788547515869,10472.7109375,30.909426583984835,5.450165871820856
C10,795,1764158400000000000,2025-11,21.400081634521484,2.8815109729766846,9254.1015625,20.792790052380152,5.366010870001499,2025-11,20.383764266967773,2.901298999786377,10547.8173828125,27.23871908635661,2.717488008633028
C10,804,1764158400000000000,2025-11,20.978713989257812,7.001253604888916,9227.1640625,20.062151180614922,7.381547546437435,2025-11,19.625839233398438,6.151961326599121,9875.1982421875,21.557988940162915,8.366811510182314
C10,867,1764158400000000000,2025-11,21.697265625,1.657029628753662,9352.4599609375,24.080582672752456,0.7055306712110732,2025-11,20.522289276123047,1.3103606700897217,10456.060546875,27.649180189428513,-1.7612992070138165
C10,249,1764201600000000000,2025-11,8.610856056213379,7.756576061248779,11411.197265625,9.79854024335742,10.102469714954495,2025-11,8.090835571289062,7.838916301727295,10891.3857421875,8.312522985973938,7.875267370336541
C10,522,1764201600000000000,2025-11,22.819713592529297,-0.02848477102816105,10840.5576171875,20.25838039779337,1.5616350031369721,2025-11,23.81987762451172,-0.147739440202713,10774.755859375,19.892436981445453,1.7655260087588238
C10,525,1764201600000000000,2025-11,22.988527297973633,-4.893776893615723,9377.9697265625,19.411991741934123,-4.384466448866139,2025-11,22.503517150878906,-4.738029956817627,10817.080078125,22.64799863777514,-4.073146925765961
C10,527,1764201600000000000,2025-11,13.981918334960938,6.363272666931152,11457.7958984375,12.857674301817756,8.941754758817883,2025-11,14.029623031616211,6.2186713218688965,11050.0205078125,11.063862968250337,10.173384937831553
C10,529,1764201600000000000,2025-11,10.224166870117188,6.279016494750977,10729.4560546875,11.886867037656597,8.952036848417183,2025-11,10.357433319091797,6.567950248718262,10861.013671875,12.67233689763403,9.067911045341903
C10,532,1764201600000000000,2025-11,9.833106994628906,8.845157623291016,11939.873046875,10.712568178902277,9.400560701039568,2025-11,9.886983871459961,8.985675811767578,10957.1376953125,11.146498764376156,6.612123685580445
C10,792,1764201600000000000,2025-11,23.5770206451416,-1.2276391983032227,11125.1220703125,23.118101238353653,-2.5223878714027186,2025-11,22.595590591430664,-1.352641224861145,10530.572265625,21.287713863291238,-1.949137512635296
C10,793,1764201600000000000,2025-11,26.535266876220703,9.993191719055176,9428.82421875,27.281693610290013,14.358616819454355,2025-11,25.20403480529785,9.81493091583252,10398.0390625,30.986559360477393,12.666850640767692
C10,795,1764201600000000000,2025-11,21.38210105895996,7.150099277496338,9688.296875,26.48602408083545,11.280801225420328,2025-11,20.249143600463867,6.698258399963379,10626.541015625,23.616150549987434,10.426768872348228
C10,867,1764201600000000000,2025-11,22.21232032775879,5.261433124542236,9293.4638671875,23.57149955531264,7.6513623257953585,2025-11,21.763092041015625,4.5665459632873535,10650.4970703125,24.64810775489342,8.642692622437892
C10,527,1764244800000000000,2025-11,13.703073501586914,4.176753520965576,10342.462890625,17.735107880738376,1.0958958337932847,2025-11,13.388700485229492,4.198867321014404,9990.7412109375,15.64977174540013,1.7750590410217655
C10,791,1764244800000000000,2025-11,15.963314056396484,6.4623799324035645,10218.4287109375,16.266511403039996,9.512404498562175,2025-11,15.35572624206543,6.400938510894775,10597.6416015625,17.620868603170056,9.015394491005857
C10,795,1764244800000000000,2025-11,24.84082794189453,11.945496559143066,9088.8798828125,26.19989423822893,10.545913483253669,2025-11,21.73268699645996,10.159211158752441,10210.890625,31.00422496708428,13.419997703592951
C10,249,1764288000000000000,2025-11,2.2018368244171143,10.37861442565918,10717.720703125,0.4443321080391549,3.6303380494096165,2025-11,0.4740591049194336,8.8367919921875,10821.943359375,0.4991058028959246,3.816749618878485
C10,523,1764288000000000000,2025-11,21.399608612060547,-5.947439193725586,10006.8994140625,20.87728569463531,-7.5987105375871336,2025-11,20.450580596923828,-6.183684349060059,10141.27734375,21.50352248837187,-7.826642082714877
C10,533,1764288000000000000,2025-11,9.927690505981445,-0.0961676687002182,10616.8798828125,9.507984628736974,1.5764956172276288,2025-11,10.182966232299805,0.3261561393737793,10173.283203125,9.573652315926552,0.07246200718358187
C10,791,1764288000000000000,2025-11,17.9112491607666,8.571910858154297,9116.8525390625,17.086601277824613,11.661212446991389,2025-11,17.073081970214844,7.685417652130127,10599.060546875,25.27888984936173,12.128054323336777
C10,795,1764288000000000000,2025-11,26.59381103515625,16.341033935546875,10514.140625,28.07216229038184,17.410760201277338,2025-11,24.41913604736328,15.310582160949707,10717.740234375,28.475653868177684,17.766871854030896
C10,817,1764288000000000000,2025-11,18.90402603149414,6.53318452835083,8425.359375,13.063026562798077,11.092227913251072,2025-11,17.70345687866211,7.200221061706543,8998.619140625,14.872565133549704,9.667383122591392
C10,867,1764288000000000000,2025-11,28.101831436157227,19.404550552368164,10008.6796875,29.902198404909633,21.61457900046333,2025-11,27.227724075317383,18.73931121826172,10710.3017578125,33.23974087097023,19.423946667692768
C10,249,1764331200000000000,2025-11,4.356715679168701,15.515586853027344,11380.8134765625,9.084633804377152,9.254024944931267,2025-11,2.7402758598327637,14.967202186584473,11003.8720703125,9.075991842679263,6.309656008049254
C10,523,1764331200000000000,2025-11,21.19104766845703,-5.221923828125,8777.8486328125,20.99365883785459,-6.138184368037505,2025-11,19.77432632446289,-5.084784984588623,9592.873046875,25.59855100434667,-7.277388894645028
C10,524,1764331200000000000,2025-11,29.452667236328125,5.512138366699219,11328.576171875,32.17636573650198,2.583154108705743,2025-11,28.86764907836914,5.838413715362549,11079.1171875,32.01550282430772,1.0795917486644413
C10,791,1764331200000000000,2025-11,17.020915985107422,4.121313095092773,9100.359375,17.767975487032615,4.637778939572259,2025-11,16.564163208007812,4.056675434112549,10312.591796875,23.74730476617173,7.426239702845297
C10,249,1764374400000000000,2025-11,0.9896233677864075,18.411149978637695,10829.658203125,9.698544435424292,21.828627197903685,2025-11,-1.6888010501861572,15.473609924316406,10363.6845703125,7.8942913489869,17.9867565830438
C10,528,1764374400000000000,2025-11,16.821453094482422,-3.988419532775879,9699.0888671875,14.762453929071128,-2.5439353125614113,2025-11,16.53571128845215,-3.4604332447052,9771.25,14.893017946243287,-2.4801038750410083
C10,530,1764374400000000000,2025-11,15.417969703674316,-4.22259521484375,10615.255859375,12.019164279795119,-2.984835457880538,2025-11,15.968744277954102,-3.4155333042144775,10434.7197265625,11.757742212260407,-2.7751606046161172
C10,579,1764374400000000000,2025-11,3.0475401878356934,10.155344009399414,10996.376953125,6.209201499344655,8.857903329693283,2025-11,3.5800814628601074,10.362601280212402,11135.9619140625,6.528257847538633,9.100028599580952
C10,800,1764374400000000000,2025-11,26.421144485473633,2.493730068206787,8136.0927734375,27.697269059729777,3.6868638893160774,2025-11,25.13129425048828,2.488089084625244,10171.935546875,32.99333376687748,0.5904811769659755
C10,802,1764374400000000000,2025-11,24.999040603637695,1.2349413633346558,8073.61572265625,24.424430419361762,3.7146120154132047,2025-11,24.303125381469727,0.9746965765953064,9787.0400390625,32.42506775768093,3.0152168965215846
C10,807,1764374400000000000,2025-11,28.36710548400879,-1.4932440519332886,6527.494140625,23.516392578152804,-1.1003129639921165,2025-11,27.522878646850586,-1.9089343547821045,9257.2890625,40.727812422120174,-2.71369355771577
C10,249,1764417600000000000,2025-11,4.517448425292969,14.349954605102539,11030.6064453125,10.015204811974458,12.484701062329979,2025-11,1.918320655822754,11.958778381347656,10886.9365234375,9.619188109274754,11.558449388578135
C10,528,1764417600000000000,2025-11,16.337743759155273,-1.1966646909713745,9457.6220703125,16.22412660902669,1.0367441975974487,2025-11,16.12122344970703,-1.2030608654022217,9962.79296875,17.95736721202731,1.5710659988131375
C10,793,1764417600000000000,2025-11,23.72884178161621,9.649127960205078,8935.3515625,27.78973283909135,9.159841220573348,2025-11,22.118511199951172,9.564491271972656,10382.16796875,29.394104228679943,10.452995221890845
C12,867,1759320000000000000,2025-10,5.239614486694336,-2.8344881534576416,2966.5966796875,4.761339074467235,5.107891145252703,2025-10,3.8751235008239746,-3.2589218616485596,4282.369140625,7.61639364346977,2.988127540404243
C12,813,1759406400000000000,2025-10,4.357554912567139,1.8727548122406006,6278.42041015625,-0.8941037749900113,0.9553319968438684,2025-10,4.3814191818237305,1.8523006439208984,1211.3857421875,1.6788051577663643,6.567107767635702
C12,242,1760270400000000000,2025-10,-1.8568164110183716,2.4382169246673584,1113.0400390625,-1.0548676802029333,3.8200345478215674,2025-10,-1.6820577383041382,2.185554027557373,1140.8963623046875,-0.8915599946079418,3.788807887507989
C12,529,1760313600000000000,2025-10,2.2212843894958496,-2.2024807929992676,2067.344970703125,2.3791359105956973,-1.5595621541498488,2025-10,1.7267470359802246,-1.761159896850586,3307.1953125,2.9412704337082927,-4.463818453276744
C12,527,1760356800000000000,2025-10,2.0183112621307373,-1.4386452436447144,2206.13037109375,0.3118410571021115,0.9178242342366145,2025-10,0.7070934772491455,-0.5462201237678528,3111.523193359375,2.101054138855332,4.513061452844706
C12,532,1760356800000000000,2025-10,0.19219504296779633,-2.393728733062744,1782.825927734375,1.1671718577375365,-0.5285446394814667,2025-10,0.27026939392089844,-1.4041622877120972,2468.289794921875,4.80175975730812,-3.8089130877886106
C12,529,1760400000000000000,2025-10,-1.3905287981033325,-2.3814594745635986,2849.11328125,-2.9453484431152703,-2.1405594242448553,2025-10,-1.3110973834991455,-1.4271061420440674,2990.256591796875,-3.03552612705076,-2.3689039264440934
C12,241,1760529600000000000,2025-10,-0.6184607744216919,0.6474999785423279,1408.7064208984375,-2.6604099161070573,-0.1038595730394053,2025-10,0.8043498992919922,0.7490003705024719,1637.1893310546875,-2.628200687792071,-0.7599282921384829
C12,522,1760702400000000000,2025-10,-2.3483974933624268,5.3345441818237305,1852.8070068359375,2.120132514231073,6.484104267806472,2025-10,-0.4892899990081787,3.924912214279175,1789.8079833984375,1.829169080295023,6.240393890900269
C12,241,1761134400000000000,2025-10,-1.748091220855713,0.39786648750305176,1080.6275634765625,-0.04785928996499958,-3.325487619544964,2025-10,-0.7563595771789551,1.1531126499176025,1409.7227783203125,-0.5357725527329855,-6.7272052106597755
C12,825,1761177600000000000,2025-10,14.115252494812012,0.427377313375473,1348.0479736328125,12.822544212896547,3.728127443772169,2025-10,12.02564811706543,-0.6318830847740173,2924.34814453125,17.669486587035408,-1.0421127537913892
C12,241,1761220800000000000,2025-10,-0.5770928263664246,0.1521381437778473,1261.04833984375,0.28220705488956244,-2.9130570022973394,2025-10,-0.6327264308929443,1.1756675243377686,1238.4080810546875,0.24404428470210077,-2.813185239999392
C12,10,1761825600000000000,2025-10,0.8471938371658325,-0.2903619706630707,1471.0223388671875,0.6625099200722022,-0.5698901372870054,2025-10,1.4522323608398438,-0.7460789680480957,1226.2711181640625,-0.1966254484990108,-0.8649295728537254
C12,527,1761868800000000000,2025-10,8.103446006774902,-6.04459285736084,1795.1773681640625,7.831702501721756,-4.876219000896459,2025-10,7.29205846786499,-5.568086624145508,3068.22216796875,8.90568371996101,-2.57305930854683
C12,791,1761868800000000000,2025-10,8.731712341308594,-4.561802864074707,1836.7041015625,9.908762887916788,-2.7723760259788923,2025-10,7.670799255371094,-4.993847846984863,2989.29443359375,18.596271889544273,4.796244505628284
C12,792,1761868800000000000,2025-10,10.546394348144531,-4.33504056930542,1377.07958984375,7.914215121292039,-2.4776900534440456,2025-10,9.077354431152344,-4.6389312744140625,2637.863525390625,11.389063121375095,-0.6853590069887476
C12,795,1761868800000000000,2025-10,10.822713851928711,-6.392518997192383,1274.12353515625,12.174670486758455,-5.338837108293168,2025-10,9.148078918457031,-5.622840881347656,2626.923583984375,12.730189981244559,-5.0340042972792265
C12,529,1762041600000000000,2025-11,-2.1408040523529053,0.8291617631912231,1733.4342041015625,-1.7750816631050834,1.3025458090224078,2025-11,1.1092345714569092,1.8278506994247437,1743.906005859375,-1.7302276559857999,1.274637639370008
C12,804,1762041600000000000,2025-11,18.305419921875,-5.482326507568359,4254.9453125,17.96012643706249,-1.9291554568684488,2025-11,16.227725982666016,-5.470699310302734,5556.2783203125,23.445614757187347,-6.602315151625882
C12,524,1762084800000000000,2025-11,1.6194478273391724,-2.693563461303711,1583.1741943359375,-5.25696550139414,-3.3133922850980126,2025-11,2.3650364875793457,-0.08168455958366394,2044.343017578125,-7.1175741930348035,-0.7788069265812338
C12,804,1762344000000000000,2025-11,-0.7194554805755615,3.844588279724121,1043.0396728515625,-1.1542568353610438,5.704386218254035,2025-11,-0.2863349914550781,4.022097587585449,1546.577392578125,-1.3982765539751187,4.926267440547561
C12,801,1762387200000000000,2025-11,-0.5140179395675659,1.183960199356079,2843.473388671875,1.0208553213672833,0.10062125910678132,2025-11,-0.8765249252319336,2.359455108642578,1693.717041015625,0.3661304401257439,1.8789315672544329
C12,241,1763208000000000000,2025-11,-0.5417956113815308,0.677668035030365,1079.677978515625,-0.4805794919970673,0.7272617896829962,2025-11,0.1726222038269043,1.5976476669311523,1414.238037109375,-0.8400295228867125,0.42564741521343086
C12,836,1763294400000000000,2025-11,17.575210571289062,-11.485030174255371,2137.983642578125,15.571901915383666,-8.919490648567665,2025-11,16.623058319091797,-11.261611938476562,3277.499267578125,18.164263207941087,-6.620397204935967
C12,833,1763337600000000000,2025-11,21.391281127929688,-11.035327911376953,1991.4390869140625,17.30554838383148,-6.753258705708996,2025-11,19.20221519470215,-10.224115371704102,3535.598876953125,20.22537463588187,-8.905648045273233
C12,835,1763337600000000000,2025-11,19.235183715820312,-11.377479553222656,1667.49609375,16.204112202591922,-8.093036258088606,2025-11,18.31944465637207,-10.79514217376709,3276.0595703125,21.634293755589557,-18.515109379954254
C12,836,1763337600000000000,2025-11,19.58967399597168,-13.522899627685547,1877.63427734375,17.24036702764122,-10.135063390846186,2025-11,18.086444854736328,-13.1989107131958,3344.764404296875,21.480956278648453,-14.373164075168434
C12,551,1763899200000000000,2025-11,-5.412683963775635,-0.9777277112007141,1937.4163818359375,-3.725901864566961,-3.541377515933756,2025-11,-5.030505180358887,-0.47841787338256836,1306.5927734375,-4.642604944168656,-2.1826733808108205
C12,241,1763985600000000000,2025-11,0.2634219229221344,-0.6536762714385986,1321.2325439453125,0.7889939528318438,0.06143389170848673,2025-11,0.8157436847686768,-0.4731227159500122,1614.13818359375,1.5121235132670632,0.39538557507877803
C12,241,1764158400000000000,2025-11,-0.03441057726740837,-0.09094145148992538,1143.6617431640625,-1.6740280580911835,2.126661427781073,2025-11,0.4175758361816406,0.4568566679954529,1551.90234375,-1.767844924014233,1.085576397967657
C14,522,1759320000000000000,2025-10,-0.2475249469280243,0.024849452078342438,1597.5546875,-0.6711411877627175,2.990994502716984,2025-10,-0.10281658172607422,0.3756120204925537,2381.505126953125,1.0853808019165687,2.945802394418066
C14,804,1759320000000000000,2025-10,-0.8688077330589294,-2.37422776222229,1056.69970703125,-1.273576411216569,-0.621492087070662,2025-10,-0.23728251457214355,-1.747117280960083,2361.69775390625,-0.3517587116531099,-2.6262184121259984
C14,815,1759363200000000000,2025-10,5.388260364532471,-2.9348702430725098,4735.642578125,4.12616983167463,-4.455656601935001,2025-10,5.746612071990967,-3.825605869293213,1621.783203125,-1.5324805210475996,3.2371206915183652
C14,813,1759406400000000000,2025-10,4.487787246704102,1.8012681007385254,6829.23095703125,-0.40810381777889543,1.3951674520935464,2025-10,4.1897664070129395,1.782195806503296,1113.6951904296875,2.11083161299256,7.871085538357698
C14,814,1759406400000000000,2025-10,2.858405828475952,1.6827329397201538,3975.60302734375,-0.951438631825519,-0.04081642706772132,2025-10,2.1193180084228516,0.599019467830658,1089.7354736328125,-3.5366725241690116,4.402637019920473
C14,827,1759406400000000000,2025-10,4.911996841430664,0.10130035877227783,4530.04833984375,2.8291519125920677,1.6102021148181485,2025-10,4.689017295837402,-0.6624020338058472,1228.310546875,-0.21649655301830373,5.382161713272076
C14,829,1759406400000000000,2025-10,7.12448263168335,-2.3383243083953857,4961.26611328125,5.722730713824611,-3.572642310639764,2025-10,5.783942699432373,-2.377620220184326,1982.576904296875,1.9876487941927667,0.44327980474559947
C14,815,1759449600000000000,2025-10,2.0509181022644043,-3.674834728240967,4464.576171875,1.9793874135610197,-6.204382311895416,2025-10,1.693796157836914,-5.157049179077148,1232.6397705078125,-3.666734632143797,5.418752414566152
C14,821,1759449600000000000,2025-10,3.390388250350952,4.8521504402160645,2214.6982421875,1.4322287593985223,7.826446939951736,2025-10,3.7505273818969727,6.114233016967773,1349.579345703125,2.5114797258233157,7.728122130057449
C14,828,1759449600000000000,2025-10,3.0266101360321045,0.4142761528491974,2822.0654296875,2.637897116044804,-2.325660457531721,2025-10,3.3752307891845703,-0.8010587096214294,1095.8485107421875,-3.30016149197345,2.0236165624767524
C14,811,1759492800000000000,2025-10,5.364230632781982,-1.869702935218811,4813.9716796875,-2.256334904728433,-3.0262155969581768,2025-10,4.148420810699463,-2.0009541511535645,1109.9801025390625,-4.408643654241711,-3.899272896744895
C14,828,1759492800000000000,2025-10,1.7296082973480225,2.627344846725464,2023.41748046875,9.177863223326126,9.29075599640786,2025-10,1.7895302772521973,1.1331241130828857,1052.8526611328125,3.2126179167380715,7.297646317331482
C14,814,1759536000000000000,2025-10,-0.8977593779563904,-0.3218604028224945,2223.026123046875,-4.400693065269896,-1.4963825909774204,2025-10,-0.24946165084838867,-0.1191454529762268,1052.4859619140625,-6.1686955569507615,0.8951258431726459
C14,821,1759536000000000000,2025-10,3.3428211212158203,2.963270902633667,2151.765625,9.084833964047386,10.821403162191501,2025-10,3.286745071411133,3.5266153812408447,1436.3040771484375,11.278660627119054,6.0065931945644815
C14,862,1759536000000000000,2025-10,6.375020980834961,-0.4169798195362091,5823.61083984375,0.059463675732672694,-2.5545207887140067,2025-10,3.6559410095214844,-0.28785932064056396,1305.03271484375,1.3243746521313218,4.728528610567936
C14,863,1759536000000000000,2025-10,2.0754218101501465,-0.7197710871696472,4565.890625,0.7377555137092036,-1.5668106089399538,2025-10,1.0407404899597168,-0.4301392138004303,1780.841796875,1.2927277661350842,1.1472935930150863
C14,804,1759622400000000000,2025-10,-1.7641948461532593,-4.425091743469238,1518.9256591796875,-0.7717455622862875,-3.6065679718017596,2025-10,-0.9325594902038574,-3.932394504547119,2749.57421875,4.222639770308997,-3.721891389972434
C14,805,1759622400000000000,2025-10,-3.57582950592041,-0.5113568305969238,2229.645263671875,-2.9195224375521764,-3.5511836611592433,2025-10,-2.738917589187622,0.023286283016204834,2969.556396484375,0.308322287819752,-2.3316682340582555
C14,812,1759622400000000000,2025-10,3.563807487487793,-0.5445011258125305,4219.896484375,-1.442556725132795,2.21006836494017,2025-10,3.330984592437744,-0.7921739816665649,1168.8475341796875,-2.952296997514454,1.9386430446609662
C14,842,1759622400000000000,2025-10,3.348541736602783,3.228163242340088,2252.92529296875,3.8446948450303786,4.804558049559005,2025-10,2.9299349784851074,3.377488374710083,1249.745849609375,4.12536980868635,6.802982725394827
C14,523,1759665600000000000,2025-10,0.2083483338356018,0.5906020402908325,1482.8516845703125,-4.399943411620114,4.387486820936494,2025-10,1.022648811340332,1.3100900650024414,1826.4432373046875,-1.8715672970314075,3.055520648681652
C14,804,1759665600000000000,2025-10,0.8188064098358154,0.7187671065330505,1890.2913818359375,3.210491530829648,-2.8302817823237247,2025-10,0.9839186668395996,2.5017950534820557,2602.673828125,4.899330460601203,-4.737427207897974
C14,806,1759665600000000000,2025-10,-1.392844319343567,1.829612135887146,1641.1890869140625,-2.3238944353119657,9.726327298535276,2025-10,0.6491837501525879,1.7595548629760742,2172.66943359375,-0.6666488747275447,4.628589932132195
C14,523,1759708800000000000,2025-10,-0.030576754361391068,1.0059505701065063,3116.358642578125,4.889548163070346,0.9207606314016509,2025-10,1.1906285285949707,2.6330480575561523,3197.974365234375,4.977832966446921,0.8484148726767469
C14,804,1759708800000000000,2025-10,-1.2297240495681763,0.38963937759399414,2300.284423828125,2.385583455678666,-0.25192927660846104,2025-10,-2.2389156818389893,1.8257434368133545,2922.517578125,0.39425402435441514,0.024242665356110235
C14,805,1759708800000000000,2025-10,-0.7133963704109192,1.6613872051239014,3697.731201171875,-2.5031016319331894,1.9149288400586075,2025-10,-1.3882982730865479,2.332051992416382,3040.555419921875,-3.5223326172945826,1.971832615991468
C14,242,1759752000000000000,2025-10,-2.287870407104492,2.2871832847595215,1258.611328125,-4.258674733866272,11.700613054614514,2025-10,-1.9746841192245483,2.996361017227173,1551.2113037109375,-4.383872228390019,12.088475667005811
C14,814,1759795200000000000,2025-10,4.375124454498291,5.016673564910889,4474.763671875,5.237530680780743,1.6622068632907796,2025-10,3.4005751609802246,5.082006931304932,1184.744384765625,-4.228526316893945,-2.0311274688861105
C14,821,1759924800000000000,2025-10,-0.3496096432209015,1.058210015296936,2209.1689453125,0.8542826910021272,5.367657050685238,2025-10,1.6669502258300781,2.0806632041931152,1063.9205322265625,0.2913081961754712,-0.09707790303625863
C14,815,1760054400000000000,2025-10,4.313167572021484,-1.890642523765564,1610.051025390625,-2.5893214237490927,2.6718911549200794,2025-10,4.256172180175781,-2.6591384410858154,1099.70947265625,-2.218117469566729,3.062868991890437
C14,829,1760054400000000000,2025-10,8.052833557128906,-5.964788913726807,2971.937744140625,3.11415067456411,-4.13437008437694,2025-10,5.634363651275635,-3.657489776611328,1433.3624267578125,5.465115015393091,5.8250957929578915
C14,241,1760097600000000000,2025-10,-1.3989393711090088,1.1536577939987183,1427.631591796875,-2.4467072784215276,-6.117551959529602,2025-10,0.5474421977996826,1.1766433715820312,1609.4193115234375,-2.5653915158767115,-7.228487406671704
C14,131,1760140800000000000,2025-10,7.134025573730469,-5.464311599731445,1189.2808837890625,2.8539711266963397,-5.393823471202058,2025-10,4.80885124206543,-6.329161643981934,1305.319580078125,2.7157966649642447,-5.878130012919811
C14,863,1760140800000000000,2025-10,6.826128005981445,-6.4004316329956055,2675.58740234375,6.7368960137509095,-3.40209613065878,2025-10,6.330902576446533,-6.5701165199279785,1405.709228515625,4.425209059418964,-2.2818707926189834
C14,241,1760184000000000000,2025-10,-2.713380813598633,2.946904420852661,1401.9144287109375,-1.9515584417938026,-2.9852328917201305,2025-10,-1.708644151687622,4.037125110626221,1663.932861328125,-1.779290495206319,-3.3318290916433275
C14,529,1760184000000000000,2025-10,0.985383152961731,-5.799756050109863,2536.920166015625,1.4022914453634012,-4.707281600313156,2025-10,1.1029977798461914,-4.6837158203125,3326.579833984375,2.8335781343148163,-3.125400100735693
C14,813,1760184000000000000,2025-10,0.8850977420806885,-0.739528238773346,1773.2470703125,4.067891811623551,-4.565037567572826,2025-10,2.988290309906006,-1.457735538482666,1091.0191650390625,2.5054219788834198,-2.942329284961586
C14,832,1760184000000000000,2025-10,3.327885627746582,-3.813103437423706,1941.325439453125,7.649536445570387,-0.21144703729740377,2025-10,6.846275329589844,0.8433345556259155,1097.749267578125,6.289908486179941,-1.072036992997039
C14,529,1760227200000000000,2025-10,3.5310001373291016,-5.757396697998047,2660.64599609375,2.4564732631281476,-5.766403222209299,2025-10,2.8705687522888184,-5.242820739746094,3631.679443359375,2.051316568657505,-6.568707236845555
C14,821,1760227200000000000,2025-10,8.0642671585083,8.17658805847168,2111.110595703125,13.50874576239298,9.332817855554538,2025-10,9.680520057678223,12.910533905029297,1680.6025390625,11.13949101005618,8.256015919609727
C14,832,1760227200000000000,2025-10,0.37806907296180725,-4.87238073348999,1453.880615234375,-0.1814453860960894,-6.642386648656645,2025-10,0.9809298515319824,-0.8226228952407837,1071.8841552734375,2.823611333106135,-4.22926229876129
C14,529,1760270400000000000,2025-10,3.756030559539795,-2.268937587738037,2063.062255859375,1.583205742637627,-4.185806335557037,2025-10,2.876307964324951,-1.2822215557098389,3365.799072265625,0.671828121998006,2.30363006483337
C14,532,1760270400000000000,2025-10,4.229427337646484,-5.01125431060791,1627.2239990234375,2.3366360992869,-5.900642977949273,2025-10,4.4251532554626465,-4.59620475769043,2711.240478515625,4.043831059587665,-6.4895498602008646
C14,813,1760270400000000000,2025-10,1.5835607051849365,-0.09443293511867523,4629.58740234375,-2.448109032935614,-6.829757961916952,2025-10,0.9176473617553711,0.5553444027900696,1046.1258544921875,-5.738265985967336,-2.612462197011865
C14,814,1760270400000000000,2025-10,1.0187087059020996,-0.3405855894088745,1550.8668212890625,2.2342017716886247,-2.4080640985908466,2025-10,4.034219741821289,-0.5926658511161804,1004.6305541992188,0.9737596823729368,0.8660941350920659
C14,821,1760270400000000000,2025-10,1.9956108331680298,1.0833501815795898,2344.338134765625,-1.2796967180081775,-4.134548002102756,2025-10,3.7788734436035156,4.129499912261963,1178.088623046875,-2.1705835803561095,-10.097509746577646
C14,832,1760270400000000000,2025-10,-1.5692191123962402,-4.941807746887207,1115.0706787109375,0.9569773121790266,-7.047502492155809,2025-10,-1.2041113376617432,-3.470883846282959,1063.1558837890625,0.47196466885331545,-6.871771729790959
C14,121,1760313600000000000,2025-10,0.7984753251075745,-5.1489739418029785,2840.39453125,6.022816303115545,-7.651173595974224,2025-10,0.4618403911590576,-5.314859867095947,1009.1199951171875,1.6815152862678686,-4.477764166104203
C14,529,1760313600000000000,2025-10,2.1749684810638428,-2.0967605113983154,2193.432373046875,2.4436294212454257,-1.868754795860435,2025-10,1.5852956771850586,-1.8506147861480713,3379.885009765625,2.9480375273768136,-4.584609563806466
C14,532,1760313600000000000,2025-10,-0.26327618956565857,-1.3007200956344604,1966.3870849609375,4.19554663296023,-0.20171987339404662,2025-10,1.1798462867736816,-0.8034921288490295,3148.080322265625,5.755119846209293,-5.7921190754497935
C14,798,1760313600000000000,2025-10,1.8267661333084106,-1.0454684495925903,3043.39013671875,-0.2709763528428028,-7.112090651610494,2025-10,1.3734338283538818,-1.397815227508545,2403.99072265625,-0.5016334953395041,-6.134159413751018
C14,799,1760313600000000000,2025-10,2.280080556869507,-1.1398231983184814,2976.672607421875,1.0972292399598793,-5.290943178748586,2025-10,1.6295051574707031,-0.5248597264289856,2655.1474609375,0.5625861572946277,-5.18627119821338
C14,821,1760313600000000000,2025-10,3.961254119873047,3.51664137840271,2752.495361328125,1.3715091879767698,3.281586291705513,2025-10,6.451045513153076,6.419524669647217,1483.064697265625,-0.9102753008726865,-0.9937615049014379
C14,825,1760313600000000000,2025-10,-0.408376544713974,2.0433456897735596,4708.15673828125,-3.7012358408270574,-5.668820772341214,2025-10,0.7139921188354492,1.5564889907836914,1573.8482666015625,-15.825649955070086,-6.752262222879026
C14,241,1760356800000000000,2025-10,0.21148550510406494,-0.6755973696708679,1253.9468994140625,-2.0993039407974536,-2.276601328216901,2025-10,0.38033103942871094,-0.5772106051445007,1693.693115234375,-2.9287991915662,-3.4635179758719157
C14,527,1760356800000000000,2025-10,2.0188956260681152,-1.2859971523284912,2179.90283203125,0.2600108958298022,0.8136769268236412,2025-10,0.9128885269165039,-0.5332658886909485,3162.20556640625,2.1633087203634536,4.580445934986882
C14,529,1760356800000000000,2025-10,2.0483810901641846,-1.2508134841918945,2340.284912109375,2.638530564672557,-2.616491841905507,2025-10,1.1046218872070312,-0.2236940562725067,2912.27197265625,3.503734157006235,-1.7512882495718292
C14,532,1760356800000000000,2025-10,0.6592092514038086,-3.0799853801727295,1877.61474609375,1.6697779157886457,-0.9821677462313902,2025-10,0.5794346332550049,-2.423602819442749,2531.69970703125,5.137983022016728,-4.112368725570062
C14,533,1760356800000000000,2025-10,1.7774990797042847,-0.0721433162689209,1857.003662109375,1.014027414940125,-3.705258763516638,2025-10,2.3423681259155273,0.5853334069252014,2745.068359375,2.652162811138021,-2.7594808219535905
C14,810,1760356800000000000,2025-10,2.0058720111846924,4.324798107147217,3104.50927734375,4.589165995489353,5.555892857463429,2025-10,1.833646297454834,4.560290813446045,1547.067138671875,-0.3126857206763328,2.8989096171410824
C14,811,1760356800000000000,2025-10,1.5568772554397583,-4.640893459320068,2740.510986328125,-0.7513327478443177,-7.818583379501356,2025-10,1.8249893188476562,-4.5780534744262695,1525.8851318359375,-7.4229306664747305,-7.448062085047506
C14,812,1760356800000000000,2025-10,1.9706230163574219,-3.4085280895233154,2938.4931640625,-3.2283447108337664,-4.574354590474565,2025-10,2.1602373123168945,-3.0095534324645996,1630.00439453125,-3.900103007633887,-5.203660347862093
C14,813,1760356800000000000,2025-10,2.5226454734802246,-1.5402238368988037,2063.01416015625,0.3569787793632614,-9.733997290216362,2025-10,1.9723820686340332,-1.6931850910186768,1127.6297607421875,-0.7804878240654806,-7.349941912314267
C14,821,1760356800000000000,2025-10,3.454674005508423,7.410736083984375,2751.865478515625,2.0193511022865516,9.360817064252357,2025-10,6.72732400894165,12.167093276977539,1436.5206298828125,3.2932874085301957,6.550330750704546
C14,529,1760400000000000000,2025-10,-1.738293170928955,-2.2427804470062256,2951.63720703125,-3.0108518675362013,-2.3064247047553064,2025-10,-1.6285529136657715,-1.3836493492126465,3024.452392578125,-3.057374120432979,-2.424226584503085
C14,532,1760443200000000000,2025-10,0.1481958031654358,-5.270273208618164,2587.343017578125,-2.371109157627633,-4.241621830391107,2025-10,0.6742019653320312,-4.475639820098877,3792.7587890625,-2.2980249638894077,-5.586345189827497
C14,814,1760443200000000000,2025-10,4.108551502227783,-0.9260190725326538,2314.66162109375,-5.391761000087246,-5.039925733115667,2025-10,4.7887797355651855,-2.155832290649414,1167.3426513671875,-8.940632149210803,-2.8816727649300904
C14,524,1760486400000000000,2025-10,1.5447043180465698,-3.1847033500671387,1998.754638671875,2.1615400529192814,3.3853074367825213,2025-10,-0.2682487964630127,-2.2232859134674072,2278.147705078125,1.6445944492504785,5.660804616200322
C14,241,1760529600000000000,2025-10,-0.8763288855552673,0.5739229917526245,1405.6973876953125,-2.64851561106336,-0.09069382986859775,2025-10,0.9646995067596436,0.6897467970848083,1616.0831298828125,-2.697586264727409,-0.7237214766087263
C14,522,1760572800000000000,2025-10,2.269718885421753,-0.8109074831008911,1880.3551025390625,-0.04836618784136737,2.2905005180175233,2025-10,1.523841381072998,-0.28911978006362915,2274.120361328125,0.6558161450766948,5.494891066750877
C14,241,1760616000000000000,2025-10,-0.8723639249801636,-0.4530862867832184,1350.2451171875,-2.4542424708667117,4.816363803831808,2025-10,-0.2948729991912842,0.5886107087135315,1678.414794921875,-2.477741149380838,5.093970307812809
C14,524,1760659200000000000,2025-10,-0.2822290062904358,2.7195117473602295,2168.680419921875,-0.1691996262227069,3.513726451657798,2025-10,-0.763561487197876,3.44470477104187,2376.594970703125,0.7220881824654226,4.582288363739626
C14,522,1760702400000000000,2025-10,-1.835527777671814,5.682332992553711,1674.609130859375,1.2971187104426791,5.7947495897737635,2025-10,-0.6681885719299316,4.513652324676514,1818.1180419921875,1.9599201842631695,6.349910748045909
C14,522,1760745600000000000,2025-10,1.4442837238311768,2.4866788387298584,1642.8990478515625,0.8328822395452902,-2.990145979014922,2025-10,-0.22284698486328125,2.5668647289276123,2096.75830078125,2.3021218831638244,0.39065556060826356
C14,795,1760745600000000000,2025-10,-3.830854654312134,-1.5095709562301636,1886.4244384765625,-3.722772712291968,-1.7349470679211279,2025-10,-3.5325398445129395,0.3291362524032593,1929.8038330078125,-3.666261647682547,-1.641571621830426
C14,816,1760745600000000000,2025-10,7.830678462982178,2.311537742614746,2564.3984375,7.072376631993704,5.676013589173218,2025-10,4.863497734069824,2.1360549926757812,1640.971923828125,6.188255473836286,1.8435394217813688
C14,241,1760788800000000000,2025-10,-0.6348736882209778,0.15964184701442719,1361.0413818359375,-2.1975754662138285,-1.8915548130602013,2025-10,0.26932191848754883,0.16031211614608765,1739.82568359375,-2.295163681041773,-1.8577522962432553
C14,522,1760788800000000000,2025-10,1.5123218297958374,0.4627250134944916,1332.076904296875,0.1262891817851625,2.6635853558923843,2025-10,-0.07256913185119629,1.3453412055969238,1720.7703857421875,0.8183270092048804,4.925746513896537
C14,821,1760788800000000000,2025-10,1.1242846250534058,-0.6292946934700012,1474.78662109375,-0.2889007253873839,-1.5137596742048844,2025-10,-1.4165058135986328,-1.908604621887207,1298.2044677734375,0.4342635570838853,-0.5947262942849515
C14,807,1760832000000000000,2025-10,7.532978534698486,-2.6892261505126953,1649.0577392578125,4.582914273498818,-6.0173122638254215,2025-10,6.821784496307373,-1.8186697959899902,1645.7056884765625,4.575942290714188,-6.009508826356994
C14,821,1760875200000000000,2025-10,0.7732144594192505,-0.030447009950876236,1152.908203125,-0.2205663651411005,0.2502602453710479,2025-10,4.034878253936768,4.920970439910889,1040.0848388671875,0.12642959351268007,0.27390087806446584
C14,523,1760961600000000000,2025-10,-1.651307463645935,2.8216023445129395,1762.5322265625,-4.072988901337129,4.8539991013821435,2025-10,-0.2817385196685791,3.493303060531616,1502.0003662109375,-4.93381283300696,5.879889108204571
C14,804,1760961600000000000,2025-10,-2.243241548538208,4.013248920440674,1818.3472900390625,-2.5756441494689777,1.6196541306422985,2025-10,-2.2154836654663086,5.169859886169434,1839.183349609375,-2.616218762305334,1.6241192840216594
C14,821,1760961600000000000,2025-10,0.6099321246147156,-0.8186051845550537,1783.7078857421875,0.9392339365288201,0.16060601563838856,2025-10,-1.4308661222457886,-1.1787605285644531,1055.177001953125,-0.024258733792019732,-0.8163773197699277
C14,523,1761004800000000000,2025-10,-0.6516290903091431,0.648690938949585,1962.620849609375,0.2028563520030482,1.4824239796227388,2025-10,1.5528993606567383,1.0852634906768799,2118.4931640625,0.9334739017198859,1.0925974536432945
C14,804,1761004800000000000,2025-10,-2.120887279510498,2.6428616046905518,1450.6441650390625,2.445707004038214,2.466347355148609,2025-10,-1.8095895051956177,3.664961576461792,2247.568603515625,1.7030298003115067,1.1784245940827254
C14,835,1761004800000000000,2025-10,5.835882663726807,-1.6084206104278564,1241.2506103515625,7.828359440454882,1.6143773007409044,2025-10,5.484483242034912,-1.8337719440460205,1164.65283203125,7.757163219548987,1.6304036183447361
C14,97,1761048000000000000,2025-10,-1.9193956851959229,0.2745961546897888,2982.970703125,-1.5516259354648532,0.07696595562383438,2025-10,-1.6317675113677979,0.48617273569107056,2393.463623046875,-1.7304275772400683,0.7246981644225676
C14,523,1761048000000000000,2025-10,0.06140195578336716,1.0570693016052246,1507.0069580078125,-0.6543422374549426,-0.7495427548404352,2025-10,1.0677218437194824,2.6682193279266357,1545.5703125,-0.6421967907769425,-0.7972553261822947
C14,804,1761048000000000000,2025-10,-2.0377509593963623,6.74090576171875,1355.5511474609375,-0.5917470267149441,5.9662034502540795,2025-10,-1.2187399864196777,7.216422080993652,2060.858642578125,-0.11500117934158907,1.959483549269998
C14,241,1761134400000000000,2025-10,-1.678964614868164,0.11757883429527283,1096.642333984375,-0.07160262799760272,-3.4910255067486955,2025-10,-0.3572826385498047,0.71818608045578,1492.138427734375,-0.657961167440889,-7.579100807282401
C14,826,1761134400000000000,2025-10,17.431884765625,-2.5533969402313232,1238.510498046875,15.565164521428256,0.4966947115246503,2025-10,13.553851127624512,-2.846891403198242,3270.87744140625,19.907227780380545,-3.5740295024522437
C14,825,1761177600000000000,2025-10,15.121395111083984,0.43223100900650024,1447.5921630859375,13.118608793125464,3.9864501046202396,2025-10,12.784980773925781,-0.47715696692466736,2785.21142578125,17.240712834545064,-0.5683325592715369
C14,241,1761220800000000000,2025-10,-0.6274158954620361,0.24334482848644257,1408.853759765625,0.5313501554827754,-3.5650631433188855,2025-10,-0.5340108871459961,1.0793912410736084,1297.48388671875,0.34362337592193726,-3.0737831808538165
C14,821,1761264000000000000,2025-10,3.3466570377349854,-7.179576873779297,3273.3740234375,2.0841163237672196,-8.143233382480345,2025-10,1.9233293533325195,-7.156023979187012,1547.5311279296875,0.8489758138225854,-4.291234682069236
C14,527,1761307200000000000,2025-10,-4.687004089355469,-3.538245439529419,1352.1802978515625,-7.032128329916423,-3.279135337382236,2025-10,-3.8125524520874023,-2.190883159637451,2263.8349609375,-7.041934798340733,-2.9385525420621867
C14,835,1761307200000000000,2025-10,9.784568786621094,-4.502448558807373,1959.74169921875,6.973344063532359,-4.573670266253839,2025-10,8.00206184387207,-4.478335857391357,2731.203857421875,9.479267186703211,-3.399640351681852
C14,844,1761307200000000000,2025-10,5.509960651397705,-4.196578502655029,1194.688232421875,2.1032240235732127,-4.802546869446294,2025-10,5.360177993774414,-7.478567123413086,1430.281005859375,1.9387362561692065,-3.725249077920169
C14,527,1761350400000000000,2025-10,-3.841593027114868,-5.704953670501709,2316.900634765625,-5.923453573937717,-4.853090148543233,2025-10,-2.8890631198883057,-3.9852635860443115,2228.893798828125,-6.165115743009496,-4.83005457905207
C14,821,1761350400000000000,2025-10,5.472066879272461,-1.1762311458587646,3160.56787109375,4.442157364589579,-4.068418442026107,2025-10,10.140289306640625,2.3347134590148926,1307.6243896484375,-1.26135886709903,1.2420606388661546
C14,147,1761436800000000000,2025-10,3.967473268508911,-10.866143226623535,3899.872314453125,1.658619214392335,-12.337545825856981,2025-10,3.711770534515381,-6.624251842498779,1491.81884765625,3.3117611715277753,-2.892576816626966
C14,845,1761436800000000000,2025-10,2.5474464893341064,3.0334861278533936,3677.99169921875,4.758006602393801,-3.1791485014395877,2025-10,2.1936745643615723,2.4674205780029297,1336.7099609375,-0.9812883630758418,9.878584180281852
C14,846,1761436800000000000,2025-10,5.411048889160156,3.871035575866699,6241.861328125,5.597318425810244,-1.02951655863257,2025-10,3.1506588459014893,4.417068958282471,1673.923583984375,-0.009026908062455374,11.75151538889822
C14,129,1761480000000000000,2025-10,3.837446689605713,-5.0209550857543945,1576.43310546875,2.947760926473891,0.5914092933039018,2025-10,2.274502754211426,-5.070088863372803,1156.952392578125,2.5370395964906107,-0.9044410659985211
C14,532,1761480000000000000,2025-10,-1.2780861854553223,1.7908997535705566,1859.620849609375,0.9244795106294066,-1.0532644684000405,2025-10,-0.5536227226257324,2.3859145641326904,3083.194580078125,1.2878983713393686,-2.7083664127886524
C14,845,1761480000000000000,2025-10,2.588067054748535,6.773876190185547,2755.829345703125,-1.6841565656986301,8.935293482330257,2025-10,2.2995986938476562,6.215708255767822,1378.631103515625,2.315064342096697,11.621817769715229
C14,522,1761523200000000000,2025-10,3.0832607746124268,-2.7409603595733643,1760.60498046875,-2.4535185541951954,-7.260378231482558,2025-10,2.298856735229492,-0.17437052726745605,2127.942138671875,-0.875761972839086,-6.9932289809968715
C14,834,1761523200000000000,2025-10,4.313699245452881,-5.428380966186523,1849.91650390625,2.323937177520883,-5.288301656140156,2025-10,3.7166390419006348,-5.563052654266357,1095.4232177734375,2.510448139356252,-4.475263272300157
C14,852,1761523200000000000,2025-10,5.5772705078125,9.723862648010254,5737.443359375,7.145452318437161,14.649008235301805,2025-10,3.060307502746582,8.467292785644531,1518.0721435546875,10.050828183704187,21.546480473191284
C14,834,1761566400000000000,2025-10,1.6072524785995483,-4.3634352684021,2072.386474609375,0.8467861078745045,-9.460673797488255,2025-10,1.1512255668640137,-4.623240947723389,1178.0853271484375,-1.0215550504220428,-7.7284264177709945
C14,845,1761566400000000000,2025-10,1.648252010345459,6.328259468078613,3863.973388671875,-3.4853029327368836,15.383856700095967,2025-10,0.7532813549041748,5.513723373413086,1380.22998046875,-4.2304081230683765,11.200807059811957
C14,863,1761609600000000000,2025-10,-1.1830379962921143,1.904878854751587,6998.8486328125,-0.812993347171271,0.5868521921695458,2025-10,-1.0522713661193848,3.124413013458252,1653.2850341796875,-9.69174275933629,5.081427570215871
C14,241,1761652800000000000,2025-10,-1.8557106256484985,1.3597290515899658,1142.5892333984375,-1.801745227786076,0.9238933377875602,2025-10,-0.4873836040496826,1.8964204788208008,1863.7628173828125,-0.4429689796168421,-3.2517023268321212
C14,522,1761696000000000000,2025-10,3.619765281677246,-4.501992702484131,1708.7847900390625,-1.5918993640315793,-3.5462337607340513,2025-10,3.380840539932251,-1.7431226968765259,2442.56787109375,-0.9867942658229735,-2.817419688662934
C14,523,1761696000000000000,2025-10,5.7866129875183105,-3.9337198734283447,2016.44287109375,0.02397059802664603,-6.956797268546804,2025-10,5.981887340545654,-4.340388774871826,3360.466552734375,5.715729381456313,-2.4389976836289384
C14,527,1761696000000000000,2025-10,1.5264805555343628,-7.7854695320129395,1945.7344970703125,1.2190231497102195,-6.059842659059406,2025-10,2.1653456687927246,-6.622434139251709,2961.8515625,2.63078351021582,-3.403977421879632
C14,811,1761696000000000000,2025-10,6.199605464935303,1.300349473953247,4590.97607421875,10.637409113526003,-0.7316360065504319,2025-10,5.0241522789001465,0.8204198479652405,1566.28369140625,-9.549757370969221,-5.673583004555579
C14,815,1761696000000000000,2025-10,12.81264877319336,-12.233881950378418,2724.380859375,11.00590784343104,-17.307499709368955,2025-10,11.791313171386719,-13.210192680358887,2112.8154296875,9.52084024456382,-16.83853701286644
C14,532,1761739200000000000,2025-10,2.3114640712738037,-5.270603656768799,2178.858642578125,-0.6507260220532058,-7.872672675675256,2025-10,3.3443422317504883,-4.916864395141602,2688.408935546875,-2.446555770416151,-6.853316524390994
C14,800,1761739200000000000,2025-10,16.611997604370117,-5.3947062492370605,1536.6319580078125,14.26737380333067,-5.584427513608631,2025-10,13.773641586303711,-5.8727545738220215,3735.86572265625,33.54580290034197,2.9983557183645626
C14,815,1761739200000000000,2025-10,5.013645648956299,-8.934859275817871,1471.1304931640625,5.264516365300355,-30.64138071199076,2025-10,5.520090579986572,-9.28455638885498,1418.978271484375,5.58035303190341,-29.805641720995258
C14,527,1761782400000000000,2025-10,6.050498008728027,-10.54214859008789,1374.845703125,2.3133437183515095,-10.727639727067103,2025-10,6.67344331741333,-8.556890487670898,1482.939697265625,1.9894459350419684,-10.659807402688374
C14,533,1761782400000000000,2025-10,2.1157469749450684,-4.997584342956543,2802.65380859375,3.4123611131236316,-4.366115091295985,2025-10,1.3532943725585938,-4.078052997589111,3040.3388671875,3.904863104564711,-3.4388697705857743
C14,791,1761782400000000000,2025-10,6.885772705078125,-4.943838119506836,1380.7476806640625,6.623380730021585,0.8829428700465665,2025-10,5.50525426864624,-4.516429901123047,1999.296630859375,6.8196840640026455,1.3982023010802243
C14,799,1761782400000000000,2025-10,12.255967140197754,-8.9899320602417,1391.9703369140625,14.691648452671604,-9.45146026381407,2025-10,9.588319778442383,-7.778568267822266,3758.060302734375,14.488330637851394,-12.179735616683027
C14,801,1761782400000000000,2025-10,9.659335136413574,-11.023621559143066,1174.89453125,8.959921535625195,-10.045835030745575,2025-10,7.34954309463501,-9.607324600219727,3391.803955078125,12.740216310413317,-16.254392400985566
C14,815,1761782400000000000,2025-10,5.7795729637146,-9.64185619354248,1697.0286865234375,2.280771047613838,-12.913956134160774,2025-10,5.857177257537842,-10.28608512878418,1414.030029296875,1.916578866037586,-12.88852064466062
C14,829,1761782400000000000,2025-10,-0.12871894240379333,-12.412851333618164,1975.4384765625,-3.407158373994152,-13.362089727495707,2025-10,-0.18554377555847168,-11.248066902160645,1533.1893310546875,-3.318954815602478,-13.296491369156378
C14,529,1761825600000000000,2025-10,7.77493953704834,-8.160135269165039,1559.3734130859375,3.6108920678021748,-6.23529842303833,2025-10,6.172519207000732,-7.333280563354492,2834.820556640625,7.729088697713227,-6.20330812393222
C14,532,1761825600000000000,2025-10,2.4146296977996826,-4.865582466125488,1784.6739501953125,2.676499845778716,-10.373967744351074,2025-10,2.6314291954040527,-5.369657516479492,1992.301025390625,2.3306608253190877,-9.43605171925595
C14,533,1761825600000000000,2025-10,3.6949422359466553,-4.799631595611572,2848.566162109375,-3.2683937920947654,-4.97839714439321,2025-10,2.8997416496276855,-4.397539138793945,2391.357421875,-2.778692601922044,-6.967277465098293
C14,821,1761825600000000000,2025-10,0.4789937436580658,-0.3789292871952057,1454.650146484375,-0.32944634523040855,-2.044133185009493,2025-10,3.351560592651367,2.6864848136901855,1176.4874267578125,-0.10790925098196566,-2.671234102851348
C14,862,1761825600000000000,2025-10,4.658697605133057,-6.1528825759887695,2840.75146484375,1.345670108502941,-7.506809291541047,2025-10,4.5462541580200195,-6.426001071929932,1564.8656005859375,-0.6526264630770425,-6.618263269792353
C14,863,1761825600000000000,2025-10,5.602081775665283,-7.241550445556641,2463.283935546875,-3.1271536622936793,-15.976576027281375,2025-10,4.4750142097473145,-7.622307777404785,1404.6048583984375,-2.9078954058398843,-12.361292786153912
C14,527,1761868800000000000,2025-10,8.119641304016113,-5.936692237854004,2002.64111328125,8.006725537639753,-4.5008809645201175,2025-10,7.209183216094971,-5.436580181121826,3087.548828125,8.921988307216926,-2.5380940153643405
C14,529,1761868800000000000,2025-10,7.627106189727783,-5.458165645599365,1845.5419921875,5.238011005922457,-4.201364396430335,2025-10,6.0835700035095215,-5.062899112701416,2986.60888671875,8.638605612710089,-3.4738271423718916
C14,532,1761868800000000000,2025-10,0.9923492670059204,-0.05243236944079399,2901.339599609375,0.9335340166629251,-0.182122922858737,2025-10,0.5194815397262573,0.6297134757041931,2783.219482421875,1.1659507725001044,0.14731046157061733
C14,791,1761868800000000000,2025-10,8.780121803283691,-4.457016944885254,1977.9061279296875,10.973055933782561,-1.8451562444422747,2025-10,7.5791707038879395,-4.714932918548584,2941.77001953125,18.238062416940572,4.48416982824301
C14,792,1761868800000000000,2025-10,11.044820785522461,-4.0802507400512695,1601.69775390625,8.662194443141509,-2.2286957851112152,2025-10,9.300651550292969,-4.205721855163574,2596.376220703125,11.279881333277029,-0.7471530605190685
C14,795,1761868800000000000,2025-10,11.190033912658691,-5.885064601898193,1406.676025390625,12.738730436160623,-4.609479268138539,2025-10,9.206472396850586,-5.384291648864746,2510.951904296875,12.760320886463438,-4.953415607952965
C14,811,1761868800000000000,2025-10,13.256004333496094,-5.99378776550293,1303.585693359375,9.834169937409099,-2.2839209133734553,2025-10,13.244550704956055,-7.070742130279541,2413.611328125,14.134867679586426,-2.2220210334570663
C14,812,1761868800000000000,2025-10,11.9448823928833,-5.732730388641357,1550.5518798828125,16.40922184788259,-3.8775730572499443,2025-10,11.555450439453125,-6.395232677459717,2284.640380859375,14.97849828882907,-3.9119774593055183
C14,813,1761868800000000000,2025-10,8.540142059326172,-6.336804389953613,1125.44189453125,7.791390438896302,-6.285231188184978,2025-10,7.0566277503967285,-6.506977081298828,1473.7825927734375,7.7504495684340045,-7.093948314450521
C14,827,1761868800000000000,2025-10,8.257428169250488,-4.58530855178833,1400.5894775390625,8.289852511516795,-4.921988587973365,2025-10,5.379489421844482,-3.0902884006500244,1111.2103271484375,7.19386387145634,-4.033782356985198
C14,527,1761912000000000000,2025-10,5.164952754974365,-3.671107292175293,1941.3123779296875,5.869354726911414,-3.847175723244843,2025-10,3.8191208839416504,-3.5582613945007324,2458.51220703125,8.346880376557937,-2.6606651893111004
C14,529,1761912000000000000,2025-10,4.192091464996338,-3.817211389541626,2135.8603515625,4.720925971712012,-3.018572239071826,2025-10,2.763202667236328,-3.288487434387207,2394.10546875,5.776094688576011,-2.8671724768579283
C14,814,1761912000000000000,2025-10,5.9566168785095215,0.3163929283618927,1211.3001708984375,1.5746404366462345,-8.256750670746634,2025-10,4.686762809753418,-0.3170550465583801,1013.11181640625,1.6182060044884357,-8.044670221487717
C14,825,1761912000000000000,2025-10,12.803447723388672,-5.4258856773376465,1239.4486083984375,19.85138217134371,-10.336061340893085,2025-10,10.560586929321289,-4.733800411224365,1430.2320556640625,21.325478740696855,-11.944509842966397
C14,241,1761998400000000000,2025-11,-1.4282808303833008,1.2619067430496216,1377.607177734375,-3.6333040304063977,-4.134429736527893,2025-11,-2.2543692588806152,2.12275767326355,2215.868896484375,-2.3780433734866357,-4.671648174258026
C14,242,1761998400000000000,2025-11,-2.7613139152526855,2.9660110473632812,2165.963134765625,-3.075758867954007,-0.7545146273602974,2025-11,-1.9825553894042969,3.332592487335205,1152.73046875,-2.5312442121158396,4.211239773250011
C14,821,1761998400000000000,2025-11,1.0692028999328613,-1.2644635438919067,1708.295166015625,1.20114992826196,-0.2664292630848687,2025-11,1.9634909629821777,1.85679030418396,1124.4034423828125,-1.0873882888912256,-0.6969358278306378
C14,832,1761998400000000000,2025-11,1.3864723443984985,-1.5886814594268799,1158.1473388671875,1.077284798875812,-0.8531710566770256,2025-11,5.393089771270752,2.0225327014923096,1072.9742431640625,0.9492105729719749,-0.68796429960803
C14,843,1761998400000000000,2025-11,6.18404483795166,-3.382272720336914,2708.86376953125,2.208177960263138,-2.452579495056421,2025-11,5.00553035736084,-3.382100820541382,1546.42724609375,2.0996043703930867,-3.944109005367139
C14,525,1762041600000000000,2025-11,3.280926465988159,-2.539846181869507,3324.736083984375,-7.878720560978697,0.1170816793025874,2025-11,3.730339765548706,-0.7262753844261169,2734.7763671875,-6.618316466021065,1.0979291394706339
C14,527,1762041600000000000,2025-11,-1.1770529747009277,-0.5816878080368042,1841.1490478515625,1.2274619637928033,1.6836487070130393,2025-11,-1.0700467824935913,0.26430195569992065,1465.431640625,-0.6467307626912469,1.825927450993428
C14,529,1762041600000000000,2025-11,-2.031428337097168,0.9614260792732239,1939.7860107421875,-0.8912122375565688,0.7526021258821802,2025-11,0.6513705253601074,2.081432580947876,1701.43408203125,-1.9121482096608293,1.3878286339163668
C14,791,1762041600000000000,2025-11,1.0136163234710693,4.713034629821777,1775.374755859375,0.024406879139319437,5.06552481620904,2025-11,-0.06159019470214844,4.966243743896484,2711.094970703125,-1.097866387649673,7.300349971892522
C14,804,1762041600000000000,2025-11,17.980892181396484,-5.511829376220703,4173.47265625,17.61669604562089,-1.6365825864912262,2025-11,15.387554168701172,-5.1242523193359375,5610.56884765625,23.674464753191188,-6.797275475130173
C14,843,1762041600000000000,2025-11,7.448678970336914,-2.16483211517334,2214.243408203125,2.280789204803822,-0.6526033742287867,2025-11,5.224989414215088,-1.1333105564117432,1517.41748046875,4.693875777484937,1.7063753286253354
C14,844,1762041600000000000,2025-11,4.501590728759766,-4.9917521476745605,2164.8193359375,1.2023641916511392,-3.9367733351494736,2025-11,3.8930792808532715,-5.590844631195068,1207.1185302734375,1.9396053835144473,-3.826560444799118
C14,524,1762084800000000000,2025-11,1.568278431892395,-1.453324794769287,1505.9356689453125,-4.961370966684394,-3.700167969278164,2025-11,2.65482759475708,0.03318601846694946,2073.983642578125,-7.237160777645921,-0.6159019547877851
C14,525,1762084800000000000,2025-11,0.08924702554941177,-0.8428542613983154,1813.196533203125,0.38906821812190584,-0.3699599363045494,2025-11,-0.41130638122558594,0.9444188475608826,2093.64501953125,-0.4300306815974977,0.9863541181435977
C14,522,1762128000000000000,2025-11,1.8533458709716797,-0.2668974697589874,1264.000244140625,-0.20296538127191333,-1.473372636551753,2025-11,3.4570889472961426,-0.39802563190460205,2269.277099609375,-1.024256968884049,1.3249220235414045
C14,524,1762128000000000000,2025-11,2.3710854053497314,-1.1735198497772217,1801.5592041015625,-3.8542882445784565,0.1981961560775774,2025-11,3.13539457321167,-0.5192689299583435,1947.5455322265625,-3.7258549220317687,0.5082616031339585
C14,525,1762128000000000000,2025-11,0.12513618171215057,-0.679777979850769,1702.2978515625,-0.28282252462754437,0.13188231475227039,2025-11,0.30763792991638184,0.3005140423774719,2142.625244140625,-1.0316867081483105,0.48108343332601056
C14,527,1762128000000000000,2025-11,5.18113899230957,-2.552401304244995,2709.283203125,5.190802755229505,2.173735392254578,2025-11,4.527398586273193,-2.3667099475860596,2302.75,5.8593289311081715,1.848775590862735
C14,804,1762128000000000000,2025-11,3.273662805557251,-7.1990766525268555,1078.843505859375,-3.8341059441648304,-3.9257020249262675,2025-11,3.6878299713134766,-7.201144218444824,2513.04296875,-0.48520286436794946,-2.7554685509259267
C14,826,1762128000000000000,2025-11,2.0251245498657227,5.966169834136963,1968.6494140625,2.786865254807818,7.819347388732239,2025-11,1.9633865356445312,5.972812652587891,1167.000244140625,1.8186118352945044,4.7775510236467715
C14,525,1762171200000000000,2025-11,0.281169593334198,-1.1624367237091064,1053.3099365234375,-0.447869237281563,-5.119169248186699,2025-11,0.7585232257843018,-0.6884216070175171,1797.820068359375,-0.4788041157773366,-1.6692072089167023
C14,530,1762171200000000000,2025-11,-0.9706052541732788,-0.276912659406662,2497.8603515625,-5.251945135167123,-0.6317267099508987,2025-11,-1.7049825191497803,1.3178050518035889,2744.5478515625,-5.856197803325697,-1.068850916803631
C14,532,1762171200000000000,2025-11,1.199391484260559,-5.262823104858398,2997.717529296875,-0.42299113357740237,-7.5376628984694864,2025-11,0.46988987922668457,-4.331777572631836,2749.9423828125,-0.9886500957339636,-7.989214095258244
C14,812,1762171200000000000,2025-11,3.3076627254486084,3.733410120010376,2045.6229248046875,1.1458627756346815,-2.6366367122982126,2025-11,2.543588161468506,3.286283016204834,1042.2510986328125,0.06963810460922566,-2.9632444598794327
C14,522,1762214400000000000,2025-11,4.838154315948486,-3.0071945190429688,3967.078369140625,2.8278390367075783,4.700309031706349,2025-11,3.323953151702881,-1.0734224319458008,2134.730224609375,0.4440956282552005,3.242675649754064
C14,524,1762214400000000000,2025-11,1.5445005893707275,0.48578789830207825,1666.1624755859375,-1.4571208012208818,1.690269526810078,2025-11,2.680844306945801,0.005489706993103027,1688.9281005859375,-1.4274154764570641,1.7569844651759197
C14,529,1762214400000000000,2025-11,-1.2613810300827026,-5.723913669586182,2598.510009765625,-1.6160415345624617,-5.259019156690917,2025-11,-0.0009443759918212891,-3.6491897106170654,2295.011962890625,-1.7659272033763256,-5.427501258109885
C14,532,1762214400000000000,2025-11,1.9249186515808105,-4.472471714019775,2010.89111328125,-2.429521655422259,-6.605646780985169,2025-11,2.017237663269043,-3.8436028957366943,3047.685791015625,-0.6588374470630352,-1.5771388939615876
C14,525,1762257600000000000,2025-11,-0.2220928966999054,-0.4337254464626312,1573.781982421875,0.003900313612838399,-6.118580515010361,2025-11,1.3145475387573242,-1.0396515130996704,1540.5888671875,0.0034047169579987085,-6.059127406984074
C14,532,1762257600000000000,2025-11,0.8285813331604004,-3.392561912536621,1784.8623046875,-2.2364789679768453,-6.23225273526767,2025-11,0.6696407794952393,-2.2825889587402344,2218.866455078125,-5.532460719315221,-4.305929154311802
C14,806,1762257600000000000,2025-11,1.1016209125518799,0.32582563161849976,1492.294921875,-0.7500583097855208,7.399129455525648,2025-11,1.2753138542175293,0.7362880110740662,1313.3472900390625,-0.8851482681807781,9.274445757378285
C14,523,1762300800000000000,2025-11,-0.20064114034175873,-0.6766103506088257,1338.158203125,-3.2250862514720415,4.813950168359692,2025-11,1.0451040267944336,-0.10238340497016907,1362.4853515625,-3.1081761475313447,4.921078537653167
C14,525,1762300800000000000,2025-11,2.0358328819274902,-1.2421045303344727,2287.294677734375,-1.95770021797327,-1.6467782548575474,2025-11,0.8933401107788086,0.13400036096572876,1635.7293701171875,1.0035658393530218,-3.5909664969367436
C14,800,1762300800000000000,2025-11,6.230134963989258,1.4288222789764404,1531.7254638671875,1.9670738643703778,3.2295652645197794,2025-11,4.920095443725586,0.7923360466957092,1322.723388671875,1.1915737336063075,3.6557379218274297
C14,806,1762300800000000000,2025-11,1.097786545753479,-0.754335880279541,1849.8214111328125,1.337990485101177,2.0588977094677796,2025-11,3.007923126220703,-0.44449523091316223,1350.8883056640625,-0.4656693500536697,4.105153287886401
C14,821,1762300800000000000,2025-11,5.295632362365723,1.1419461965560913,2034.39892578125,1.7498966460806888,4.807698252896166,2025-11,9.969833374023438,6.719274997711182,1250.8077392578125,-2.2958749774912532,2.667409807814344
C14,132,1762344000000000000,2025-11,7.408740997314453,-6.244868755340576,1132.93603515625,3.7225326572128674,-6.417579716704616,2025-11,5.725399017333984,-5.884148597717285,1005.6064453125,3.98795152871413,-6.375469155174331
C14,528,1762344000000000000,2025-11,0.22619487345218658,-0.6633825898170471,1663.9945068359375,-1.4218758117200896,1.4036336415283888,2025-11,0.39954113960266113,-0.3406590521335602,1903.308837890625,-1.595985002703972,0.907911896679354
C14,804,1762344000000000000,2025-11,-0.773313581943512,3.7027628421783447,1091.383544921875,-1.1776847884163155,5.629680246543758,2025-11,-0.2742655277252197,3.6872990131378174,1552.053955078125,-1.4009305542373989,4.917804487422923
C14,147,1762387200000000000,2025-11,9.167509078979492,-9.555432319641113,1803.99267578125,6.5908186031598595,-10.121734901126473,2025-11,8.383447647094727,-8.669036865234375,1603.517578125,6.2657146385002696,-10.16755558891948
C14,522,1762387200000000000,2025-11,3.7679555416107178,-1.2027559280395508,1759.3658447265625,-0.8438178661166783,-4.252821461374939,2025-11,3.3052446842193604,-0.4604301452636719,2219.67431640625,0.3450149089204023,-2.5715344364316897
C14,532,1762387200000000000,2025-11,0.45232218503952026,-1.526847243309021,1298.2760009765625,1.1833460980421173,-2.311873990341034,2025-11,0.5681450366973877,-1.459310531616211,2050.556640625,1.3169668133318648,-2.2760704282664648
C14,801,1762387200000000000,2025-11,-0.4267370402812958,0.9831576347351074,2655.042724609375,0.9135541141140493,0.3920640443164651,2025-11,-0.30132150650024414,1.852069616317749,1708.55615234375,0.3745805221121069,1.8559801439443135
C14,522,1762430400000000000,2025-11,0.4613693058490753,-0.17827758193016052,1160.3909912109375,3.4180868030692615,-5.175109816866908,2025-11,-0.06856274604797363,0.5329305529594421,1856.1229248046875,2.52868993735853,0.20305211544221158
C14,522,1762473600000000000,2025-11,3.5028977394104004,-1.2862138748168945,1628.4747314453125,1.871484161478885,-3.4980693310205146,2025-11,2.5387825965881348,-0.07932454347610474,2035.13720703125,2.45634311627245,-2.5800245835147777
C14,523,1762473600000000000,2025-11,0.4644150733947754,-0.8275647163391113,1074.285888671875,-3.057006666493413,-0.012639712809146886,2025-11,0.1489865779876709,0.7018226981163025,1464.488037109375,-2.942422095713001,-3.634557929342408
C14,821,1762473600000000000,2025-11,5.993834495544434,-1.9359885454177856,2587.34130859375,3.8196193867669024,-2.950427356047458,2025-11,6.964414119720459,-0.31517937779426575,1338.96875,-0.03187941755206619,-2.5837234231866586
C14,241,1762516800000000000,2025-11,-1.221734881401062,2.5635058879852295,1414.3426513671875,-2.3058815992024004,-1.847717835591638,2025-11,-2.2505722045898438,4.269193172454834,1864.9444580078125,-0.9475589633271226,-3.7544678711514434
C14,242,1762516800000000000,2025-11,-1.0900988578796387,1.6840382814407349,1683.18603515625,1.735393675524308,-1.1960696714899695,2025-11,-1.3395363092422485,1.4791319370269775,1101.4061279296875,-9.456639389160415e-05,0.7960383725976119
C14,525,1762516800000000000,2025-11,-0.5688902139663696,0.6664292812347412,1017.554443359375,-1.536065622174049,2.277452966961005,2025-11,-0.9104928970336914,2.098506450653076,1830.209228515625,-1.5182320728663505,-1.033807424715158
C14,530,1762516800000000000,2025-11,0.037924788892269135,1.047027349472046,2879.161376953125,-0.2387195877474244,1.533952878395947,2025-11,0.7992725372314453,1.1945164203643799,2224.68701171875,0.8553984612491841,0.5313784434435375
C14,821,1762516800000000000,2025-11,3.516615152359009,-1.117994785308838,1826.569091796875,0.7604072155335977,-6.905880295040459,2025-11,3.1134843826293945,-0.5064576864242554,1054.5220947265625,-0.11809461153417455,0.050558105281673704
C14,821,1762560000000000000,2025-11,5.750522136688232,-2.0148656368255615,2342.093994140625,3.773054797673004,-2.0990453047953093,2025-11,7.732703685760498,-1.9515836238861084,1346.0526123046875,0.7670462065200321,-0.10346568417420916
C14,852,1762560000000000000,2025-11,6.808544158935547,-8.207672119140625,1814.0791015625,1.0481823964629111,-6.9937009966375445,2025-11,6.648266315460205,-8.593753814697266,1320.871826171875,-0.9088836712165285,-5.491746923347418
C14,815,1762603200000000000,2025-11,10.58938217163086,0.8481781482696533,3447.048095703125,20.10116343931724,-7.316225431070041,2025-11,9.880924224853516,0.9248377680778503,1433.522216796875,4.345668774099377,4.169885768847769
C14,131,1762646400000000000,2025-11,4.2027587890625,-8.617814064025879,3179.921630859375,6.003615347304383,-5.020872071681307,2025-11,4.2705078125,-8.139273643493652,1392.975830078125,10.920927332818561,-2.879342616858969
C14,132,1762646400000000000,2025-11,-2.6254348754882812,-10.189577102661133,1378.7225341796875,-1.6773870446941455,-13.710953469133784,2025-11,-2.134699821472168,-8.535096168518066,1100.9583740234375,3.2444012175624954,-11.228544657603713
C14,522,1762646400000000000,2025-11,1.4264756441116333,-0.8642743825912476,1210.074951171875,0.8128137512370041,-2.525433313028911,2025-11,2.0240330696105957,0.11245954036712646,1827.115966796875,-0.6901977428580738,-1.3476219360138062
C14,806,1762646400000000000,2025-11,4.421645164489746,0.9296846389770508,1726.040283203125,5.862826268786908,-5.823097291511765,2025-11,2.691331386566162,-0.33130359649658203,1850.677001953125,6.522883758866989,-5.647778951682924
C14,522,1762689600000000000,2025-11,1.2421561479568481,-0.4778849184513092,1315.4158935546875,-1.0456691405128755,-2.3674442049111954,2025-11,1.4313106536865234,0.06613308191299438,1779.29931640625,-2.326769581706466,0.6675432900316864
C14,522,1762732800000000000,2025-11,1.9114073514938354,-1.013359546661377,1856.90625,-6.813049624943675,2.4279864438313203,2025-11,3.6067371368408203,0.012280702590942383,2126.46044921875,-7.432198733822137,3.6110311457271225
C14,826,1762732800000000000,2025-11,8.684670448303223,3.5811495780944824,2364.018310546875,11.047135234876823,-3.6252976880513534,2025-11,6.556179523468018,0.5145267844200134,2198.329345703125,11.2118105425407,-4.527311299779447
C14,809,1762776000000000000,2025-11,0.8849070072174072,0.08453798294067383,2356.853759765625,-1.0359559188442573,-0.5430973732039948,2025-11,2.2971200942993164,-0.30361467599868774,1542.3455810546875,-0.8443264963758036,-1.6464765055806676
C14,843,1762776000000000000,2025-11,0.2443581074476242,-6.320467472076416,1961.870849609375,-0.550949056372954,-15.378040595766628,2025-11,0.9836127758026123,-5.58023738861084,1399.360595703125,-2.5829880271294354,-14.899044198808483
C14,522,1762819200000000000,2025-11,0.5701117515563965,0.01598270796239376,1427.9862060546875,-3.143413668822511,-2.869608142452214,2025-11,1.0991711616516113,0.013355135917663574,2277.9169921875,-3.3992376400846376,0.005436440364142481
C14,804,1762819200000000000,2025-11,1.4431324005126953,-3.980109214782715,1047.946044921875,-3.297298136228119,-8.897639273046071,2025-11,2.7223286628723145,-3.2295761108398438,1970.52197265625,0.7002987203733231,-10.45833189987744
C14,808,1762819200000000000,2025-11,4.034687519073486,-0.6706624031066895,1466.708984375,-1.7686468173590737,1.3744440491337755,2025-11,2.101853847503662,-0.37989217042922974,2046.7386474609375,-1.0578088063412794,0.6142771591164007
C14,811,1762819200000000000,2025-11,8.386127471923828,-1.319326639175415,2287.62841796875,12.457854538258955,1.269671700948043,2025-11,9.466676712036133,-1.2740651369094849,3383.337158203125,16.361472549317984,10.978982252617877
C14,134,1762862400000000000,2025-11,1.0049324035644531,-2.9746875762939453,1819.797607421875,6.116615142447203,-2.1217007346968604,2025-11,0.23303484916687012,-0.904194176197052,1110.3992919921875,4.406205147731638,-3.5459144041468726
C14,524,1762862400000000000,2025-11,3.6615989208221436,4.15009069442749,3632.3818359375,4.653139111762492,11.089738604974785,2025-11,3.8198351860046387,4.392242431640625,2662.011962890625,4.533365879002564,9.721834389068208
C14,810,1762862400000000000,2025-11,10.022947311401367,-4.700664520263672,1007.9227294921875,15.827007765047023,-16.173232639792808,2025-11,9.596046447753906,-5.471739292144775,2160.97412109375,14.568169413123398,-15.42658300225887
C14,812,1762862400000000000,2025-11,11.777864456176758,-7.07123327255249,1026.1429443359375,15.423595547258099,-3.711139267027095,2025-11,11.473760604858398,-7.15873908996582,2580.92529296875,14.99161298857329,-18.900114035172734
C14,861,1762862400000000000,2025-11,4.119073867797852,0.7279219627380371,1234.323486328125,5.759226070642847,9.005121356049102,2025-11,4.775811195373535,0.2311486005783081,1432.2080078125,5.982928323972292,10.002755759194207
C14,134,1762905600000000000,2025-11,0.2003975361585617,-2.9436070919036865,2337.52392578125,4.558371356570141,-6.413195946675381,2025-11,0.6859716176986694,-0.6821211576461792,1169.137939453125,0.592319421914488,-4.971247826148051
C14,524,1762905600000000000,2025-11,2.5797085762023926,1.8119533061981201,3597.16748046875,6.1699810714964265,5.17722903848007,2025-11,3.0041356086730957,2.504173517227173,2874.405029296875,6.814606057732117,5.183900312401646
C14,522,1762948800000000000,2025-11,1.8055939674377441,-0.8929663300514221,3863.37060546875,-2.150854855373345,3.144398734993814,2025-11,3.862727165222168,-0.8056875467300415,2381.0205078125,-3.6976672460225863,2.249801053465125
C14,522,1762992000000000000,2025-11,2.854212522506714,1.2987271547317505,5044.22119140625,-3.593814009914269,1.9117175271874873,2025-11,4.018599987030029,1.1152799129486084,2553.274658203125,-4.471595725300714,0.0672118392174964
C14,524,1762992000000000000,2025-11,3.305973768234253,1.8692266941070557,3284.193115234375,7.957417201423313,3.768874373231864,2025-11,3.854816436767578,1.430316686630249,2550.371337890625,7.135570399658907,2.584042053532234
C14,826,1762992000000000000,2025-11,10.649255752563477,-4.387731075286865,1136.760009765625,17.322130379738788,-4.83231910203083,2025-11,7.803797721862793,-3.6803536415100098,1604.532958984375,18.57770637436996,-7.387518779274595
C14,835,1762992000000000000,2025-11,14.133302688598633,-5.447784900665283,1929.8509521484375,18.975428189982853,-6.5278815457766495,2025-11,13.537216186523438,-4.96896505355835,1699.490966796875,18.344880096679443,-5.706758232849431
C14,804,1763035200000000000,2025-11,-2.158310651779175,5.968586444854736,1382.04248046875,-3.576987983750587,3.40337365359806,2025-11,-2.4458670616149902,7.762628078460693,2283.738037109375,-2.75014195400268,-1.6389280623749778
C14,806,1763035200000000000,2025-11,0.8544795513153076,0.7740691900253296,1653.0628662109375,3.0843727220072843,4.209793789551813,2025-11,1.5419931411743164,0.29064029455184937,2214.890869140625,4.497399913434966,1.3764418601277808
C14,806,1763078400000000000,2025-11,2.772007703781128,0.1991950124502182,4742.08544921875,4.456419154382595,-0.2999551515778902,2025-11,1.6324639320373535,0.6201114058494568,2468.16162109375,2.30546169900268,1.4375193782799522
C14,851,1763078400000000000,2025-11,4.088324546813965,-3.0596237182617188,2166.57177734375,-0.6819632345775907,-5.789220588998182,2025-11,4.245423316955566,-3.8062005043029785,1663.400146484375,0.8662336397326401,-7.939360573602858
C14,522,1763121600000000000,2025-11,0.4291327893733978,0.9794025421142578,1708.7886962890625,-0.6479042633026183,-1.939568542958145,2025-11,1.2868289947509766,0.7129771113395691,2001.028564453125,-0.4062836884421648,-0.28928113211415996
C14,791,1763121600000000000,2025-11,-0.0036090093199163675,-0.1849842071533203,1797.731689453125,0.12893951516443414,0.6870657263817657,2025-11,0.4136500358581543,0.7947584986686707,2443.852783203125,4.533538789492063,0.6755786125957275
C14,804,1763121600000000000,2025-11,-2.7472565174102783,5.3683342933654785,1169.419921875,-0.7168508624764354,6.955243017885076,2025-11,-2.4916346073150635,6.692741870880127,2125.210693359375,-0.5657943270667778,2.154630642488864
C14,836,1763294400000000000,2025-11,18.287158966064453,-12.176630973815918,2356.743896484375,15.383682869655512,-7.946573694886439,2025-11,16.678564071655273,-11.402531623840332,3124.137451171875,17.197056312920147,-6.45064670643809
C14,834,1763337600000000000,2025-11,16.180471420288086,-11.183830261230469,2970.123046875,11.805923706932852,-9.851711136947147,2025-11,13.698858261108398,-10.456995964050293,2937.326416015625,11.80133831688747,-9.905798273301679
C14,835,1763337600000000000,2025-11,19.491044998168945,-11.58325481414795,1677.61181640625,16.235329627439405,-8.170461953790504,2025-11,18.615215301513672,-11.351031303405762,3150.6357421875,21.10218940200177,-18.143202828733234
C14,836,1763337600000000000,2025-11,20.121137619018555,-13.464691162109375,1999.83642578125,17.682248707420005,-10.430281400372523,2025-11,17.846580505371094,-13.042204856872559,3253.3515625,21.32871323207579,-14.03612216610978
C14,835,1763380800000000000,2025-11,14.493229866027832,-10.567398071289062,1100.76513671875,10.238329300322505,-9.454378979596152,2025-11,12.538276672363281,-10.46544075012207,2465.68115234375,17.15371290126488,-17.841384129781744
C14,833,1763424000000000000,2025-11,9.388465881347656,-6.2185821533203125,1871.26904296875,14.829662388846476,-9.257104681480744,2025-11,6.240213871002197,-4.698741912841797,1849.822021484375,14.880249885687036,-9.223736521048206
C14,836,1763424000000000000,2025-11,13.468794822692871,-7.9483842849731445,1754.9608154296875,13.283319653676742,-8.952430163381585,2025-11,12.004863739013672,-7.407586097717285,2453.883056640625,13.703266266870193,-9.909753135769142
C14,835,1763553600000000000,2025-11,8.869410514831543,-5.801730632781982,1691.8504638671875,2.3613532641213446,-7.709428779437916,2025-11,4.531198501586914,-4.206877708435059,1372.13232421875,-0.006220128723287366,-7.371741610849412
C14,534,1763596800000000000,2025-11,1.920082688331604,2.47655987739563,5534.53662109375,-2.7418465978415956,-1.8913267302475898,2025-11,2.2432355880737305,2.76162052154541,2777.016357421875,-4.617834031075675,0.49843721570321936
C14,527,1763683200000000000,2025-11,-5.4344682693481445,1.418688178062439,1345.21728515625,-6.170562855571896,-2.008231387660773,2025-11,-4.7212605476379395,2.423382043838501,2878.158447265625,-2.7941519047426264,1.1891617668030032
C14,534,1763769600000000000,2025-11,-0.7889173626899719,-1.1124532222747803,1879.8841552734375,-1.347367253163035,-0.5539578024937074,2025-11,1.375554084777832,-0.7846910953521729,2239.718505859375,-3.471902773023348,-1.5656042433220292
C14,805,1763769600000000000,2025-11,2.6096644401550293,4.7525715827941895,2768.232421875,4.316938733847897,5.964584959962724,2025-11,0.8604717254638672,6.116190433502197,2406.463623046875,3.688896981796584,4.8804587649265265
C14,815,1763769600000000000,2025-11,10.320575714111328,0.6731330156326294,2662.0244140625,16.99524886768924,-0.2512162860468077,2025-11,9.41946792602539,0.31085360050201416,1572.338623046875,12.016278896089982,4.293314018195795
C14,827,1763769600000000000,2025-11,12.865225791931152,1.011452078819275,3200.940185546875,18.103244982214118,3.815464799662477,2025-11,10.555917739868164,1.1064507961273193,2915.02783203125,16.590087151976494,3.485928381319872
C14,307,1763812800000000000,2025-11,-4.487713813781738,-1.3614815473556519,1695.481201171875,-3.8713115475766022,-1.2262328521121986,2025-11,-4.569939136505127,-1.0247299671173096,2359.652099609375,-1.5642806086630525,-1.0514787483331847
C14,534,1763812800000000000,2025-11,2.2206709384918213,-2.6846487522125244,1417.9345703125,0.8505651785542263,1.5536798540895589,2025-11,1.843000888824463,-2.66502046585083,2572.74755859375,-4.9499654647183835,-2.3063261211427255
C14,527,1763856000000000000,2025-11,-2.1073992252349854,-3.1684982776641846,1334.4085693359375,-5.209681952678329,-5.413705305144838,2025-11,-1.6874111890792847,-2.215350389480591,2872.37841796875,-2.271295291828052,-3.3819417556017166
C14,534,1763899200000000000,2025-11,0.10024609416723251,-2.2014105319976807,2305.77685546875,-2.9964433863446596,-3.234064802963347,2025-11,-0.019561767578125,-0.8925947546958923,2146.9697265625,-2.532471452554023,-2.977312132332689
C14,551,1763899200000000000,2025-11,-5.722377777099609,-0.9875978827476501,2314.89208984375,-3.6868054743592804,-4.377948217463489,2025-11,-5.052068710327148,-0.3275119662284851,1313.4951171875,-4.615586397790686,-2.196755010250313
C14,828,1763899200000000000,2025-11,5.241367816925049,3.9377989768981934,3555.2763671875,6.096297578614121,3.318092599311026,2025-11,3.750621795654297,1.1512961387634277,1096.0330810546875,2.51147155424251,2.2770687112743775
C14,821,1763942400000000000,2025-11,4.39919900894165,-3.763601779937744,3662.616455078125,0.4520816455422576,-3.413126267109691,2025-11,6.0393853187561035,-2.6436614990234375,1233.5848388671875,0.9552364123216226,-0.303214427685533
C14,836,1763942400000000000,2025-11,17.628480911254883,-10.469606399536133,2148.96630859375,17.755588804967527,-9.413929072873401,2025-11,15.870527267456055,-10.16441535949707,2858.03369140625,19.16113548894064,-13.536610651931188
C14,524,1764028800000000000,2025-11,1.819801926612854,-1.0720257759094238,1848.6474609375,4.516730954836871,2.3630617493724997,2025-11,-0.5739426612854004,-0.14483344554901123,1813.0750732421875,4.393982493800348,2.3618537311655925
C14,527,1764028800000000000,2025-11,-5.327722549438477,1.8283594846725464,1915.128662109375,-2.6265267743358978,-4.209707888990289,2025-11,-4.723974227905273,2.0763139724731445,2515.272216796875,-0.4469320101537122,-3.343861261729116
C14,532,1764028800000000000,2025-11,-3.820207357406616,4.323455810546875,1118.84228515625,-1.401223232101651,3.2863001686830247,2025-11,-3.490298271179199,5.246439456939697,2426.852294921875,3.1102078040014653,2.16104017614758
C14,534,1764028800000000000,2025-11,1.802004337310791,0.6105515360832214,3185.714599609375,-4.036807640920317,0.7160351120486632,2025-11,5.079752445220947,0.9981773495674133,2666.80908203125,-2.3406688928617436,0.14711429285057304
C14,791,1764072000000000000,2025-11,-8.46444034576416,4.877986907958984,1143.65380859375,-6.277118391593108,5.076321586421841,2025-11,-7.7577595710754395,5.321916103363037,2101.74609375,-4.3578994407217335,4.77945910642087
C14,821,1764072000000000000,2025-11,6.661238670349121,-6.79552698135376,3736.70361328125,8.038272560234129,-7.514552722234724,2025-11,4.959442138671875,-6.99090576171875,1294.770751953125,0.12857056971415787,-3.815741218286435
C14,827,1764072000000000000,2025-11,8.186954498291016,-1.5906949043273926,1592.895751953125,7.416431021587297,-2.297997691805362,2025-11,7.716559886932373,-1.7002367973327637,1032.031982421875,5.663272681239844,-2.509713162066487
C14,525,1764115200000000000,2025-11,3.2155086994171143,-1.4558438062667847,3134.53564453125,2.554786381068533,5.595636051787539,2025-11,3.0127553939819336,0.3786276578903198,2201.2314453125,-1.155160352376422,4.265085663628593
C14,241,1764158400000000000,2025-11,-0.22960086166858673,0.18469028174877167,1394.8035888671875,-1.777703465523963,1.354850913600482,2025-11,0.2043159008026123,0.7659912705421448,1539.2208251953125,-1.7789727625973715,1.0777846001505311
C14,530,1764158400000000000,2025-11,1.0442075729370117,-0.11032156646251678,2322.61181640625,-0.3548284301738023,3.8901975831333138,2025-11,-0.057286977767944336,1.2536892890930176,2158.544921875,-0.5293872171663678,3.4443970098559142
C14,826,1764201600000000000,2025-11,20.70100212097168,-1.6133701801300049,1851.8018798828125,20.822844077531688,-2.664197190838476,2025-11,17.73261833190918,-1.2564072608947754,2738.706298828125,25.495430748764253,-6.329924572207258
C14,132,1764244800000000000,2025-11,5.116928577423096,-9.721022605895996,2064.5791015625,0.3762567586088674,-10.48038851392284,2025-11,4.095588684082031,-8.667705535888672,1170.2003173828125,-0.9128259707112789,-10.570658355377079
C14,131,1764288000000000000,2025-11,2.1945748329162598,-9.946324348449707,2566.3974609375,2.801326267072323,-13.420532404745664,2025-11,0.8464913368225098,-9.003408432006836,1197.4954833984375,3.192789942405636,-12.045395945191867
C14,835,1764288000000000000,2025-11,14.946161270141602,-5.9434404373168945,1627.0576171875,16.58220267245038,-1.3180185689601454,2025-11,15.102306365966797,-5.027653217315674,2927.8251953125,17.32335833178877,-6.139381002320376
C14,821,1764374400000000000,2025-11,5.917898178100586,-3.5579171180725098,1637.99365234375,4.252490583480138,4.427810064812588,2025-11,5.827945232391357,-2.9820480346679688,1123.1561279296875,1.6052944140379923,1.9551760530914115
C14,833,1764374400000000000,2025-11,18.175731658935547,-6.081869602203369,1761.8792724609375,16.655145008726862,-5.16088886164364,2025-11,16.089637756347656,-4.0133957862854,3094.741943359375,15.545266120982816,-5.273560183911226
C14,529,1764417600000000000,2025-11,-3.9654767513275146,-1.2583903074264526,1558.5863037109375,-2.5913252206244195,-1.8057037148254504,2025-11,-5.124303340911865,-0.04944729804992676,2278.56640625,-0.9743243486137535,-0.9918485550171842
